,,,Premature Death,,,,,,,,,,,,,,,,,,,,,,,,,,Poor or Fair Health,,,,Poor Physical Health Days,,,,Poor Mental Health Days,,,,Low Birthweight,,,,,,,,,,,,,,,,,,,,Adult Smoking,,,,Adult Obesity,,,,Food Environment Index,,Physical Inactivity,,,,Access to Exercise Opportunities,,Excessive Drinking,,,,Alcohol-Impaired Driving Deaths,,,,,,Sexually Transmitted Infections,,,Teen Births,,,,,,,,,,,,,,,,,,,Uninsured,,,,,Primary Care Physicians,,,,Dentists,,,,Mental Health Providers,,,,Preventable Hospital Stays,,,,,,,Mammography Screening,,,,,,,Flu Vaccinations,,,,,,,High School Completion,,,,,,Some College,,,,,,Unemployment,,,,Children in Poverty,,,,,,,,,Income Inequality,,,,Children in Single-Parent Households,,,,,,Social Associations,,,Injury Deaths,,,,,,,,,,,,,,,,,,,,Air Pollution - Particulate Matter,,Drinking Water Violations,,Severe Housing Problems,,,,,,,,,,,,,Driving Alone to Work,,,,,,,,,,,,,,,,,,,Long Commute - Driving Alone,,,,
FIPS,State,County,Unreliable,Deaths,Years of Potential Life Lost Rate,95% CI - Low,95% CI - High,Z-Score,YPLL Rate (AIAN),YPLL Rate (AIAN) 95% CI - Low,YPLL Rate (AIAN) 95% CI - High,YPLL Rate (AIAN) Unreliable,YPLL Rate (Asian),YPLL Rate (Asian) 95% CI - Low,YPLL Rate (Asian) 95% CI - High,YPLL Rate (Asian) Unreliable,YPLL Rate (Black),YPLL Rate (Black) 95% CI - Low,YPLL Rate (Black) 95% CI - High,YPLL Rate (Black) Unreliable,YPLL Rate (Hispanic),YPLL Rate (Hispanic) 95% CI - Low,YPLL Rate (Hispanic) 95% CI - High,YPLL Rate (Hispanic) Unreliable,YPLL Rate (White),YPLL Rate (White) 95% CI - Low,YPLL Rate (White) 95% CI - High,YPLL Rate (White) Unreliable,% Fair or Poor Health,95% CI - Low,95% CI - High,Z-Score,Average Number of Physically Unhealthy Days,95% CI - Low,95% CI - High,Z-Score,Average Number of Mentally Unhealthy Days,95% CI - Low,95% CI - High,Z-Score,Unreliable,% Low Birthweight,95% CI - Low,95% CI - High,Z-Score,% LBW (AIAN),% LBW (AIAN) 95% CI - Low,% LBW (AIAN) 95% CI - High,% LBW (Asian),% LBW (Asian) 95% CI - Low,% LBW (Asian) 95% CI - High,% LBW (Black),% LBW (Black) 95% CI - Low,% LBW (Black) 95% CI - High,% LBW (Hispanic),% LBW (Hispanic) 95% CI - Low,% LBW (Hispanic) 95% CI - High,% LBW (White),% LBW (White) 95% CI - Low,% LBW (White) 95% CI - High,% Adults Reporting Currently Smoking,95% CI - Low,95% CI - High,Z-Score,% Adults with Obesity,95% CI - Low,95% CI - High,Z-Score,Food Environment Index,Z-Score,% Physically Inactive,95% CI - Low,95% CI - High,Z-Score,% With Access to Exercise Opportunities,Z-Score,% Excessive Drinking,95% CI - Low,95% CI - High,Z-Score,# Alcohol-Impaired Driving Deaths,# Driving Deaths,% Driving Deaths with Alcohol Involvement,95% CI - Low,95% CI - High,Z-Score,# Chlamydia Cases,Chlamydia Rate,Z-Score,Teen Birth Rate,95% CI - Low,95% CI - High,Z-Score,Teen Birth Rate (AIAN),Teen Birth Rate (AIAN) 95% CI - Low,Teen Birth Rate (AIAN) 95% CI - High,Teen Birth Rate (Asian),Teen Birth Rate (Asian) 95% CI - Low,Teen Birth Rate (Asian) 95% CI - High,Teen Birth Rate (Black),Teen Birth Rate (Black) 95% CI - Low,Teen Birth Rate (Black) 95% CI - High,Teen Birth Rate (Hispanic),Teen Birth Rate (Hispanic) 95% CI - Low,Teen Birth Rate (Hispanic) 95% CI - High,Teen Birth Rate (White),Teen Birth Rate (White) 95% CI - Low,Teen Birth Rate (White) 95% CI - High,# Uninsured,% Uninsured,95% CI - Low,95% CI - High,Z-Score,# Primary Care Physicians,Primary Care Physicians Rate,Primary Care Physicians Ratio,Z-Score,# Dentists,Dentist Rate,Dentist Ratio,Z-Score,# Mental Health Providers,Mental Health Provider Rate,Mental Health Provider Ratio,Z-Score,Preventable Hospitalization Rate,Z-Score,Preventable Hosp. Rate (AIAN),Preventable Hosp. Rate (Asian),Preventable Hosp. Rate (Black),Preventable Hosp. Rate (Hispanic),Preventable Hosp. Rate (White),% with Annual Mammogram,Z-Score,% Screened (AIAN),% Screened (Asian),% Screened (Black),% Screened (Hispanic),% Screened (White),% Vaccinated,Z-Score,% Vaccinated (AIAN),% Vaccinated (Asian),% Vaccinated (Black),% Vaccinated (Hispanic),% Vaccinated (White),# Completed High School,Population,% Completed High School,95% CI - Low,95% CI - High,Z-Score,# Some College,Population,% Some College,95% CI - Low,95% CI - High,Z-Score,# Unemployed,Labor Force,% Unemployed,Z-Score,% Children in Poverty,95% CI - Low,95% CI - High,Z-Score,% Children in Poverty (AIAN),% Children in Poverty (Asian),% Children in Poverty (Black),% Children in Poverty (Hispanic),% Children in Poverty (White),80th Percentile Income,20th Percentile Income,Income Ratio,Z-Score,# Children in Single-Parent Households,# Children in Households,% Children in Single-Parent Households,95% CI - Low,95% CI - High,Z-Score,# Associations,Social Association Rate,Z-Score,# Injury Deaths,Injury Death Rate,95% CI - Low,95% CI - High,Z-Score,Injury Death Rate (AIAN),Injury Death Rate (AIAN) 95% CI - Low,Injury Death Rate (AIAN) 95% CI - High,Injury Death Rate (Asian),Injury Death Rate (Asian) 95% CI - Low,Injury Death Rate (Asian) 95% CI - High,Injury Death Rate (Black),Injury Death Rate (Black) 95% CI - Low,Injury Death Rate (Black) 95% CI - High,Injury Death Rate (Hispanic),Injury Death Rate (Hispanic) 95% CI - Low,Injury Death Rate (Hispanic) 95% CI - High,Injury Death Rate (White),Injury Death Rate (White) 95% CI - Low,Injury Death Rate (White) 95% CI - High,Average Daily PM2.5,Z-Score,Presence of Water Violation,Z-Score,% Severe Housing Problems,95% CI - Low,95% CI - High,Severe Housing Cost Burden,Severe Housing Cost Burden 95% CI - Low,Severe Housing Cost Burden 95% CI - High,Overcrowding,Overcrowding 95% CI - Low,Overcrowding 95% CI - High,Inadequate Facilities,Inadequate Facilities 95% CI - Low,Inadequate Facilities 95% CI - High,Z-Score,% Drive Alone to Work,95% CI - Low,95% CI - High,Z-Score,% Drive Alone (AIAN),% Drive Alone (AIAN) 95% CI - Low,% Drive Alone (AIAN) 95% CI - High,% Drive Alone (Asian),% Drive Alone (Asian) 95% CI - Low,% Drive Alone (Asian) 95% CI - High,% Drive Alone (Black),% Drive Alone (Black) 95% CI - Low,% Drive Alone (Black) 95% CI - High,% Drive Alone (Hispanic),% Drive Alone (Hispanic) 95% CI - Low,% Drive Alone (Hispanic) 95% CI - High,% Drive Alone (White),% Drive Alone (White) 95% CI - Low,% Drive Alone (White) 95% CI - High,# Workers who Drive Alone,% Long Commute - Drives Alone,95% CI - Low,95% CI - High,Z-Score
26000,Michigan,,,141031,7883,7819,7948,,8972,8208,9736,,2636,2442,2829,,14079,13860,14299,,6680,6434,6927,,6928,6859,6998,,15,14,16,,3.3,3.1,3.6,,5.3,5.0,5.6,,,9,9,9,,9,8,10,9,9,9,14,14,15,7,7,8,7,7,7,19,18,21,,35,34,37,,7.0,,20,19,22,,85,,20,19,21,,1502,5139,29,29,30,,44769,448.3,,17,17,17,,20,18,22,3,3,3,36,35,36,25,25,26,12,12,13,509720,6,6,7,,8067,81,1235:1,,7897,79,1273:1,,31848,317,316:1,,3324,,4724,2207,6586,3038,2954,38,,35,27,32,30,39,50,,34,53,36,42,51,6340231,6923132,92,91,92,,1707845,2491315,69,68,69,,280464,4776119,5.9,,18,17,18,,27,11,37,25,13,123605,26860,4.6,,550490,2182505,25,25,26,,9547,9.6,,40427,81,80,82,,99,89,110,20,18,22,107,105,110,57,54,60,80,79,81,6.8,,,,14,14,14,12,12,12,2,2,2,1,1,1,,79,79,79,,76,74,78,70,69,72,73,72,73,73,72,74,81,80,81,4594453,33,33,34,
26001,Michigan,Alcona,,217,8701,6029,11373,0.51,,,,,,,,,,,,,,,,,,,,,15,13,17,0.32,3.6,3.2,3.9,0.44,5.5,5.1,5.9,0.64,,8,6,11,0.64,,,,,,,,,,,,,,,,23,19,26,0.53,37,35,39,-0.03,6.9,0.76,22,19,24,0.25,69,-0.03,22,21,23,0.35,4,8,50,32,65,1.06,14,134.6,-0.82,19,12,28,-0.22,,,,,,,,,,,,,,,,570,9,7,10,0.71,6,57,1751:1,0.05,1,10,10235:1,1.64,10,98,1024:1,0.94,2205,-0.55,,,,,,41,-0.14,,,,,,30,1.36,,,,,,7548,8347,90,89,92,0.37,869,1521,57,50,64,0.48,263,3725,7.1,0.62,26,17,36,1.30,,,,24,23,85675,21052,4.1,-0.19,273,1307,21,15,27,-0.08,14,13.3,-0.84,65,125,97,159,2.17,,,,,,,,,,,,,,,,6.1,-0.59,No,-0.47,11,10,13,10,9,12,1,0,2,0,0,1,-0.58,77,74,80,-0.62,,,,,,,,,,,,,,,,3341,38,33,43,0.78
26003,Michigan,Alger,,115,5662,3683,7640,-1.39,,,,,,,,,,,,,,,,,,,,,15,13,17,0.27,3.5,3.2,3.7,0.11,5.3,5.1,5.6,-0.11,,9,6,11,0.96,,,,,,,,,,,,,,,,23,19,25,0.53,40,39,42,1.29,7.4,-0.05,22,20,24,0.25,80,-0.66,21,21,22,0.06,0,10,0,0,20,-2.18,12,131.8,-0.84,15,9,23,-0.74,,,,,,,,,,,,,,,,469,8,7,10,0.35,7,78,1288:1,-0.58,4,45,2205:1,0.43,7,79,1260:1,1.09,2396,-0.29,,,,,,46,-1.22,58,,,,46,32,1.16,23,,,,32,6259,6834,92,90,93,-0.05,862,1933,45,38,52,1.89,248,3089,8.0,1.37,17,11,23,-0.29,,,,30,8,85519,22375,3.8,-0.73,171,1400,12,5,19,-1.71,9,10.0,0.27,30,66,44,94,-1.01,,,,,,,,,,,,,,,,4.9,-1.44,No,-0.47,11,9,14,9,6,11,2,0,3,1,0,2,-0.49,74,68,80,-1.38,,,,,,,,,,,,,,,,2766,34,25,42,0.29
26005,Michigan,Allegan,,1491,6913,6357,7469,-0.61,,,,,,,,,,,,,8285,6242,10785,,6583,6010,7157,,13,12,15,-0.69,3.2,2.9,3.6,-0.65,5.2,4.9,5.6,-0.46,,7,6,7,-0.65,,,,,,,12,7,17,7,5,8,7,6,7,20,17,23,-0.58,35,33,37,-0.92,8.4,-1.66,20,17,22,-0.67,57,0.58,21,20,22,-0.16,20,83,24,18,30,-0.62,327,276.9,0.09,17,16,19,-0.39,,,,,,,22,12,37,30,24,36,16,14,17,6823,7,6,8,-0.41,26,22,4574:1,1.12,41,34,2950:1,0.82,117,97,1034:1,0.95,1970,-0.87,,,7432,448,1977,37,0.73,25,,,38,38,46,-0.28,41,,34,30,46,74319,81394,91,90,92,0.05,17080,28695,60,56,63,0.22,2822,60557,4.7,-1.24,12,9,16,-1.14,,4,17,26,10,119906,31553,3.8,-0.78,5255,28818,18,14,22,-0.58,121,10.2,0.20,436,74,67,81,-0.55,263,126,484,,,,,,,60,39,87,75,67,82,7.0,0.05,Yes,2.12,10,9,11,8,7,9,2,2,3,0,0,1,-1.04,82,81,84,0.73,,,,74,67,81,74,61,87,74,66,82,79,77,80,55380,35,33,37,0.45
26007,Michigan,Alpena,,453,7523,6232,8815,-0.23,,,,,,,,,,,,,,,,,,,,,15,13,17,0.27,3.5,3.1,3.8,0.18,5.4,5.1,5.8,0.24,,7,6,8,-0.22,,,,,,,,,,,,,,,,22,19,25,0.38,37,35,39,-0.11,7.3,0.11,22,20,24,0.30,53,0.80,22,20,23,0.14,4,9,44,26,60,0.70,45,158.4,-0.67,23,19,27,0.39,,,,,,,,,,,,,,,,1323,6,5,8,-0.84,19,67,1486:1,-0.26,26,90,1111:1,-1.09,110,381,263:1,-1.30,2187,-0.57,,,,,,48,-1.65,,,,,,41,0.23,20,,,19,41,19907,21477,93,92,94,-0.45,3891,6163,63,57,69,-0.19,725,13183,5.5,-0.59,24,17,30,0.86,,,2,79,16,90085,19947,4.5,0.78,1377,5447,25,19,31,0.74,37,13.1,-0.77,114,80,65,95,-0.24,,,,,,,,,,,,,,,,6.1,-0.59,No,-0.47,10,8,11,9,7,11,0,0,1,1,0,1,-1.25,82,80,85,0.74,,,,,,,,,,,,,,,,11823,16,13,18,-1.53
26009,Michigan,Antrim,,326,6068,4846,7289,-1.14,,,,,,,,,,,,,,,,,,,,,13,11,15,-0.96,3.1,2.8,3.5,-0.92,5.3,4.9,5.7,-0.37,,6,5,7,-1.26,,,,,,,,,,,,,,,,19,15,23,-0.77,36,33,38,-0.75,8.2,-1.34,19,16,21,-1.06,57,0.61,22,21,23,0.70,6,19,32,19,44,-0.13,51,218.7,-0.28,18,15,23,-0.22,,,,,,,,,,,,,,,,1393,8,7,10,0.50,14,60,1675:1,-0.03,8,34,2977:1,0.83,11,46,2165:1,1.35,2237,-0.51,,,,,,35,1.16,,,,,,49,-0.59,,,,50,49,16441,17655,93,92,94,-0.61,2698,4292,63,57,69,-0.16,693,9865,7.0,0.59,17,11,23,-0.36,,,,32,12,107782,28237,3.8,-0.74,783,4186,19,14,23,-0.49,23,9.8,0.32,85,73,58,90,-0.63,,,,,,,,,,,,,,,,6.0,-0.66,No,-0.47,11,9,12,9,8,11,1,1,1,1,0,1,-0.83,75,73,77,-1.13,,,,,,,,,,,,,,,,10154,39,34,43,0.80
26011,Michigan,Arenac,,278,7898,6138,9658,0.01,,,,,,,,,,,,,,,,,,,,,16,14,18,0.59,3.6,3.3,4.0,0.75,5.6,5.2,5.9,0.97,,8,6,9,0.15,,,,,,,,,,,,,,,,23,20,27,0.83,37,35,39,-0.20,7.6,-0.37,23,20,25,0.69,50,1.02,22,21,23,0.18,6,21,29,17,41,-0.33,32,215.0,-0.31,23,18,30,0.49,,,,,,,,,,,,,,,,899,8,7,10,0.44,4,27,3738:1,0.97,7,47,2139:1,0.38,32,214,468:1,0.02,3270,0.90,,,,,,43,-0.57,,,,,,42,0.13,,,,27,42,10046,11313,89,87,90,0.96,1662,2973,56,50,62,0.62,475,5709,8.3,1.59,23,16,30,0.72,10,,,44,16,88183,23595,3.7,-0.92,647,2766,23,17,29,0.39,11,7.4,1.13,72,96,75,121,0.61,,,,,,,,,,,,,,,,6.7,-0.16,No,-0.47,11,9,12,9,8,11,1,1,2,1,0,1,-0.81,84,82,87,1.29,,,,,,,,,,,,,,,,5832,38,34,42,0.75
26013,Michigan,Baraga,,148,7968,5832,10104,0.05,,,,,,,,,,,,,,,,,,,,,17,15,19,1.39,3.8,3.5,4.0,1.11,5.4,5.1,5.7,0.15,,6,4,8,-1.00,10,4,15,,,,,,,,,,5,3,8,25,22,27,1.40,41,40,43,1.76,7.2,0.27,24,21,26,1.04,18,2.76,22,21,22,0.17,5,7,71,58,81,2.45,27,328.9,0.42,19,13,27,-0.12,35,19,60,,,,,,,,,,15,9,25,515,10,8,11,1.27,7,86,1166:1,-0.82,6,73,1369:1,-0.51,11,134,747:1,0.66,933,-2.28,,,,,,44,-0.78,58,,,,43,26,1.77,10,,,,29,5681,6238,91,89,93,0.14,986,2022,49,42,56,1.42,237,3006,7.9,1.26,22,15,30,0.60,16,,,,19,93887,20170,4.7,1.08,321,1420,23,16,29,0.24,5,6.1,1.54,46,110,81,147,1.39,,,,,,,,,,,,,,,,4.9,-1.44,No,-0.47,13,10,16,10,7,12,3,1,5,1,0,1,0.28,83,79,86,0.83,77,66,89,,,,,,,,,,83,72,94,2955,19,15,23,-1.13
26015,Michigan,Barry,,753,6092,5365,6818,-1.12,,,,,,,,,,,,,,,,,,,,,12,11,14,-1.28,3.1,2.8,3.4,-1.01,5.5,5.1,5.8,0.42,,7,6,8,-0.55,,,,,,,,,,,,,,,,20,17,23,-0.58,35,33,37,-0.88,8.7,-2.14,19,17,22,-0.89,57,0.63,22,21,23,0.24,7,42,17,9,25,-1.10,175,284.3,0.14,16,14,19,-0.53,,,,,,,,,,26,15,42,16,14,18,3330,7,6,8,-0.60,22,35,2821:1,0.71,16,25,3937:1,1.11,77,122,818:1,0.75,2289,-0.44,,,,,,43,-0.57,,,,,,47,-0.38,,,,33,47,40724,43590,93,93,94,-0.72,8643,14534,59,55,64,0.22,1408,30851,4.6,-1.31,12,9,16,-1.14,,40,,25,9,120803,33043,3.7,-1.09,2447,13721,18,14,22,-0.66,58,9.3,0.48,215,70,61,80,-0.76,,,,,,,,,,,,,,,,8.4,1.05,Yes,2.12,10,8,11,8,6,9,2,1,2,1,0,1,-1.26,83,81,85,1.03,,,,,,,,,,,,,,,,28214,47,44,51,1.70
26017,Michigan,Bay,,1815,8521,7872,9171,0.40,,,,,,,,,12929,8446,18944,,9534,6811,12983,,8303,7634,8973,,15,13,17,0.16,3.5,3.2,3.9,0.39,5.7,5.3,6.0,1.18,,7,7,8,0.03,,,,,,,9,6,13,7,5,10,7,7,8,22,18,26,0.38,38,36,40,0.36,7.3,0.11,21,19,24,-0.01,76,-0.43,24,23,25,2.63,13,46,28,21,36,-0.35,332,321.9,0.38,19,17,21,-0.20,,,,,,,35,23,51,25,18,34,17,15,19,5524,7,6,8,-0.45,42,41,2438:1,0.54,71,69,1450:1,-0.37,289,281,356:1,-0.51,4303,2.31,,,5358,4501,4244,40,0.08,,36,37,23,41,53,-1.00,64,71,41,48,53,68550,75249,91,90,92,0.13,16388,24961,66,62,70,-0.47,2918,47921,6.1,-0.13,17,11,22,-0.36,,,77,29,19,101348,23538,4.3,0.32,5566,21063,26,23,30,0.96,101,9.9,0.31,419,81,73,89,-0.20,,,,,,,114,62,191,53,30,88,82,74,90,6.8,-0.09,Yes,2.12,11,10,12,10,8,11,1,0,1,1,1,2,-0.69,84,82,86,1.26,,,,,,,85,69,100,78,67,88,84,81,86,46827,26,24,28,-0.48
26019,Michigan,Benzie,,272,7794,6081,9506,-0.06,,,,,,,,,,,,,,,,,,,,,12,11,14,-1.12,3.1,2.8,3.5,-0.89,5.0,4.7,5.4,-1.31,,7,5,8,-0.60,,,,,,,,,,,,,,,,19,15,22,-0.92,36,34,38,-0.49,,0.00,19,17,21,-0.97,62,0.36,22,21,23,0.88,4,13,31,16,46,-0.18,20,112.6,-0.96,19,15,25,-0.12,,,,,,,,,,,,,,,,1062,8,7,10,0.43,10,56,1785:1,0.08,11,60,1657:1,-0.08,31,170,588:1,0.37,2048,-0.76,3442,,,,1901,42,-0.35,,,,,,57,-1.41,37,,,,57,12621,13574,93,92,94,-0.55,2437,3585,68,60,76,-0.73,504,8453,6.0,-0.23,14,9,19,-0.79,,,,15,10,111578,29119,3.8,-0.71,493,3216,15,10,21,-1.13,23,12.9,-0.69,66,75,58,95,-0.54,,,,,,,,,,,,,,,,6.0,-0.66,No,-0.47,12,10,14,11,9,13,1,1,2,1,0,1,0.07,80,78,82,0.27,,,,,,,,,,,,,,,,7840,37,32,42,0.63
26021,Michigan,Berrien,,2254,8036,7495,8576,0.09,,,,,,,,,14900,13090,16711,,3523,2301,5162,,6892,6319,7465,,15,13,17,0.27,3.3,3.0,3.6,-0.28,5.5,5.2,5.8,0.42,,8,8,9,0.56,,,,8,5,11,13,12,14,7,6,9,7,6,7,20,17,23,-0.42,38,37,40,0.44,7.0,0.59,21,19,23,-0.14,83,-0.84,21,20,21,-0.79,34,100,34,29,39,0.03,791,515.6,1.62,26,24,28,0.88,,,,,,,58,52,63,29,23,36,17,15,18,8896,8,6,9,-0.05,124,81,1234:1,-0.68,89,58,1720:1,0.00,427,279,359:1,-0.49,2478,-0.18,,,5102,3885,2242,42,-0.35,42,27,37,26,43,50,-0.69,65,47,33,32,52,98083,108057,91,90,92,0.24,23813,35688,67,63,70,-0.59,4055,69898,5.8,-0.36,24,19,29,0.96,3,1,55,22,18,114078,22654,5.0,1.91,10212,33659,30,26,34,1.69,186,12.2,-0.45,544,71,65,77,-0.74,,,,,,,85,68,101,25,13,45,72,65,79,8.6,1.19,Yes,2.12,14,13,15,12,11,13,2,1,2,1,1,1,0.99,80,79,82,0.28,,,,73,63,82,75,71,80,71,66,77,82,80,83,70443,22,20,24,-0.85
26023,Michigan,Branch,,699,8386,7382,9391,0.31,,,,,,,,,,,,,,,,,,,,,16,14,18,0.86,3.7,3.4,4.0,0.90,5.6,5.3,5.9,1.00,,7,6,8,-0.40,,,,,,,,,,7,4,11,7,6,8,23,20,26,0.72,38,36,40,0.23,7.4,-0.05,23,20,25,0.69,61,0.39,20,19,21,-1.20,8,22,36,25,47,0.18,107,245.9,-0.11,28,24,31,1.13,,,,,,,,,,37,25,54,27,24,31,3078,9,8,11,1.06,18,41,2412:1,0.52,22,49,2045:1,0.31,71,158,634:1,0.47,3541,1.27,,,,,,39,0.30,,,,,,51,-0.80,,,,43,51,27522,30968,89,87,90,0.93,5382,10608,51,46,55,1.20,945,19085,5.0,-1.01,18,12,24,-0.14,,,,6,19,98888,27059,3.7,-1.10,2218,10426,21,17,26,-0.01,43,9.9,0.29,179,82,70,94,-0.12,,,,,,,,,,,,,,,,8.4,1.05,No,-0.47,11,9,12,8,7,9,2,1,2,2,1,2,-0.84,81,78,84,0.42,,,,,,,,,,59,40,77,82,79,86,18829,25,22,27,-0.61
26025,Michigan,Calhoun,,2362,9531,8937,10125,1.03,,,,,,,,,13094,11085,15103,,8166,5979,10893,,9231,8571,9891,,16,14,17,0.54,3.6,3.3,3.9,0.50,5.7,5.4,6.0,1.31,,9,8,9,1.23,,,,5,3,7,15,13,17,7,5,9,8,7,9,23,20,26,0.53,39,38,41,0.78,6.6,1.24,24,21,26,1.04,83,-0.85,19,19,20,-2.22,42,103,41,36,45,0.47,711,530.0,1.71,27,25,29,1.00,,,,10,5,19,47,41,54,23,17,30,24,22,26,6842,7,6,7,-0.73,79,59,1691:1,-0.01,93,69,1439:1,-0.39,502,375,267:1,-1.26,2820,0.29,,,3400,1182,2712,42,-0.35,,20,44,35,42,52,-0.90,51,54,41,49,53,83288,91501,91,90,92,0.15,18457,32441,57,54,60,0.51,3898,59357,6.6,0.24,20,14,26,0.20,,27,54,38,18,105095,23566,4.5,0.66,9526,30560,31,27,35,1.85,141,10.6,0.08,702,105,97,112,1.08,,,,,,,96,76,120,56,34,86,113,104,122,8.5,1.12,Yes,2.12,14,13,15,12,11,13,1,1,2,1,0,1,0.74,81,79,83,0.43,,,,78,65,90,77,72,82,71,62,80,84,82,85,58412,23,21,24,-0.82
26027,Michigan,Cass,,843,8520,7488,9552,0.40,,,,,,,,,,,,,,,,,,,,,14,12,16,-0.37,3.3,3.0,3.6,-0.43,5.2,4.9,5.5,-0.67,,7,7,8,-0.04,,,,,,,9,5,12,5,2,8,7,6,8,21,17,24,-0.12,35,33,37,-0.88,7.8,-0.69,21,18,23,-0.23,61,0.40,22,21,23,0.30,20,51,39,32,46,0.36,137,264.5,0.01,24,21,27,0.54,,,,,,,37,26,52,35,22,53,21,18,24,2899,7,6,9,-0.20,12,23,4299:1,1.08,16,31,3218:1,0.91,55,107,936:1,0.87,2586,-0.03,15789,,1072,,2588,36,0.95,36,,30,,36,51,-0.80,59,53,42,21,52,32916,36957,89,88,90,0.86,6698,10905,61,56,66,0.00,1174,23154,5.1,-0.92,16,11,21,-0.45,37,,12,27,18,122684,28451,4.3,0.34,2306,10770,21,17,26,0.02,45,8.7,0.68,200,78,67,88,-0.38,,,,,,,,,,,,,,,,8.6,1.19,No,-0.47,11,10,12,9,7,10,2,1,3,1,0,1,-0.62,81,80,83,0.53,,,,,,,56,31,81,85,66,100,76,73,79,23515,38,34,41,0.70
26029,Michigan,Charlevoix,,350,7100,5783,8417,-0.49,,,,,,,,,,,,,,,,,,,,,12,10,14,-1.33,3.0,2.7,3.3,-1.30,5.0,4.7,5.4,-1.31,,6,5,8,-0.86,,,,,,,,,,,,,,,,18,15,22,-1.18,36,34,38,-0.75,8.2,-1.34,18,16,20,-1.37,79,-0.61,22,21,23,0.78,4,13,31,16,46,-0.18,46,176.0,-0.56,19,15,23,-0.20,,,,,,,,,,,,,,,,1431,7,6,9,-0.12,23,88,1135:1,-0.90,36,138,725:1,-2.71,66,253,395:1,-0.29,2727,0.16,,,,,,41,-0.14,,,,,,46,-0.28,32,,,,46,18213,19379,94,93,95,-0.92,3526,5252,67,62,72,-0.64,735,12219,6.0,-0.19,14,9,18,-0.88,18,,,7,13,117589,28128,4.2,0.05,1111,4891,23,18,28,0.26,36,13.8,-0.99,101,77,62,92,-0.40,,,,,,,,,,,,,,,,5.9,-0.73,No,-0.47,10,8,11,8,7,10,1,0,1,1,0,2,-1.24,77,74,79,-0.61,,,,,,,,,,,,,,,,12334,24,22,27,-0.63
26031,Michigan,Cheboygan,,441,9403,7627,11180,0.95,,,,,,,,,,,,,,,,,,,,,15,13,17,0.22,3.5,3.2,3.8,0.29,5.5,5.1,5.8,0.38,,8,7,10,0.67,,,,,,,,,,,,,,,,23,19,26,0.57,39,37,41,0.78,7.0,0.59,21,18,23,-0.27,59,0.48,22,21,23,0.46,8,17,47,35,58,0.87,30,118.7,-0.92,20,16,25,0.02,,,,,,,,,,,,,,,,1540,9,7,10,0.69,14,55,1812:1,0.11,10,39,2575:1,0.65,31,120,831:1,0.76,2547,-0.08,,,,,,40,0.08,27,,,,41,43,0.03,41,,,,43,17907,19738,91,89,92,0.26,2603,4977,52,47,58,1.03,828,9941,8.3,1.60,21,14,28,0.36,21,,,1,19,94342,24419,3.9,-0.64,699,4213,17,12,21,-0.89,33,13.0,-0.73,103,81,66,97,-0.18,,,,,,,,,,,,,,,,5.7,-0.88,No,-0.47,12,10,13,10,8,12,2,1,2,1,0,1,-0.36,80,77,82,0.06,,,,,,,,,,,,,,,,10214,37,33,40,0.62
26033,Michigan,Chippewa,,534,7075,6050,8099,-0.51,11760,8710,14809,,,,,,,,,,,,,,6540,5407,7673,,16,15,18,0.86,3.6,3.3,3.8,0.49,5.4,5.1,5.6,-0.05,,6,5,7,-1.07,6,4,8,,,,,,,,,,6,5,7,23,20,26,0.79,39,37,40,0.61,6.9,0.76,22,21,24,0.56,76,-0.41,21,20,22,-0.31,9,21,43,32,53,0.60,65,174.0,-0.57,16,13,19,-0.62,23,17,30,,,,,,,,,,13,10,16,2725,11,9,12,1.92,25,68,1478:1,-0.27,22,60,1673:1,-0.06,154,418,239:1,-1.60,2931,0.44,4353,,,,2711,41,-0.14,40,,,,42,40,0.33,26,,23,,42,23992,26036,92,91,93,-0.25,5814,9593,61,55,66,0.10,1032,15786,6.5,0.21,22,16,28,0.50,31,,81,45,23,97761,20898,4.7,1.13,1527,6759,23,17,28,0.24,28,7.6,1.06,138,74,61,86,-0.59,84,56,121,,,,,,,,,,80,65,95,5.9,-0.73,No,-0.47,14,11,17,12,9,15,1,1,2,1,1,2,0.75,76,73,79,-0.90,73,69,77,,,,,,,,,,77,73,80,15427,19,16,21,-1.22
26035,Michigan,Clare,,666,10738,9333,12142,1.78,,,,,,,,,,,,,,,,,,,,,18,16,20,1.76,4.0,3.6,4.3,1.75,5.6,5.3,6.0,1.10,,7,6,8,-0.64,,,,,,,,,,,,,,,,26,23,30,1.90,40,38,42,0.95,6.8,0.92,24,22,27,1.44,65,0.19,20,19,21,-1.07,7,33,21,12,31,-0.80,59,190.6,-0.46,31,27,36,1.65,,,,,,,,,,70,37,120,30,25,35,2082,9,8,11,1.04,9,29,3419:1,0.90,9,29,3452:1,0.98,42,135,740:1,0.65,2915,0.42,,,,,,38,0.51,,,,,,35,0.85,54,,,16,35,19513,22557,87,85,88,1.78,3179,6256,51,46,56,1.19,897,11148,8.0,1.38,31,22,39,2.06,,,,55,34,80731,18989,4.3,0.20,1179,6185,19,14,24,-0.42,33,10.7,0.02,160,104,88,120,1.05,,,,,,,,,,,,,,,,6.7,-0.16,No,-0.47,15,13,16,12,10,14,2,2,3,1,1,2,1.20,76,72,80,-0.84,,,,,,,,,,,,,,,,10408,41,37,45,1.02
26037,Michigan,Clinton,,728,4430,3902,4957,-2.16,,,,,,,,,,,,,,,,,,,,,11,10,13,-1.65,2.9,2.6,3.2,-1.64,5.1,4.8,5.4,-1.09,,6,5,6,-1.34,,,,10,5,15,,,,,,,6,5,7,17,14,20,-1.45,33,32,35,-1.64,7.9,-0.85,17,15,19,-1.81,72,-0.23,21,20,22,-0.06,13,48,27,20,35,-0.42,215,270.1,0.05,9,7,10,-1.65,,,,,,,,,,8,4,15,9,7,10,3506,5,5,6,-1.47,25,31,3190:1,0.83,23,29,3453:1,0.99,104,131,764:1,0.68,2648,0.05,,,,,,45,-1.00,,,,44,45,51,-0.80,,,58,44,51,52047,54635,95,95,96,-1.38,14792,19252,77,73,81,-1.72,1725,38904,4.4,-1.41,9,6,12,-1.67,21,11,25,25,9,139285,35233,4.0,-0.45,2660,17572,15,13,18,-1.16,52,6.5,1.41,217,55,48,62,-1.59,,,,,,,,,,,,,,,,8.3,0.97,No,-0.47,9,8,10,8,7,9,1,1,1,1,0,1,-1.72,81,80,83,0.50,,,,,,,,,,67,51,83,75,73,78,38625,30,27,32,-0.11
26039,Michigan,Crawford,,244,7805,5872,9738,-0.05,,,,,,,,,,,,,,,,,,,,,15,13,17,0.27,3.5,3.2,3.9,0.32,5.4,5.1,5.8,0.18,,9,7,11,1.57,,,,,,,,,,,,,,,,22,19,26,0.49,37,35,39,-0.15,7.3,0.11,21,19,24,0.12,77,-0.49,22,21,23,0.49,4,11,36,20,52,0.18,26,185.3,-0.50,24,19,31,0.64,,,,,,,,,,,,,,,,686,7,6,8,-0.52,11,79,1271:1,-0.61,5,38,2641:1,0.68,23,174,574:1,0.34,3378,1.05,,,,,,38,0.51,,,,,,35,0.85,,,,,,9083,9942,91,90,93,0.03,1669,2479,67,58,76,-0.66,378,5359,7.1,0.61,25,17,33,1.13,,,,90,16,96079,20306,4.7,1.25,731,2363,31,23,39,1.80,9,6.4,1.44,85,122,98,151,2.02,,,,,,,,,,,,,,,,6.0,-0.66,No,-0.47,12,10,15,11,9,13,1,1,2,0,0,1,0.08,84,81,87,1.15,,,,,,,,,,,,,,,,4926,30,24,36,-0.08
26041,Michigan,Delta,,593,9172,7855,10488,0.80,,,,,,,,,,,,,,,,,,,,,15,13,17,0.06,3.5,3.2,3.9,0.35,5.5,5.2,5.8,0.57,,7,6,8,-0.04,,,,,,,,,,,,,,,,22,19,25,0.26,39,38,41,0.87,7.4,-0.05,21,19,24,0.12,78,-0.57,22,21,23,0.70,3,20,15,5,28,-1.20,49,136.9,-0.81,20,17,24,0.06,,,,,,,,,,,,,,,,2064,8,7,9,0.17,29,81,1228:1,-0.69,24,65,1534:1,-0.24,55,149,670:1,0.53,1467,-1.55,3524,,,,1409,47,-1.43,46,,,,47,43,0.03,20,,,,43,25100,27071,93,92,94,-0.46,4799,7647,63,57,69,-0.15,999,16243,6.2,-0.09,15,10,20,-0.57,18,,,7,16,98534,22504,4.4,0.48,1860,7239,26,19,33,0.82,51,14.3,-1.17,129,72,59,84,-0.68,,,,,,,,,,,,,,,,5.6,-0.95,Yes,2.12,11,10,13,9,8,11,1,1,2,1,0,1,-0.48,81,78,84,0.49,,,,,,,,,,,,,,,,14969,16,14,18,-1.50
26043,Michigan,Dickinson,,374,8214,6776,9651,0.21,,,,,,,,,,,,,,,,,,,,,13,11,15,-0.96,3.2,2.9,3.5,-0.73,5.0,4.6,5.4,-1.52,,6,5,8,-0.86,,,,,,,,,,,,,,,,20,17,23,-0.50,36,34,38,-0.54,7.6,-0.37,19,17,22,-0.80,65,0.15,22,21,23,0.29,3,17,18,6,32,-1.03,50,198.1,-0.41,18,14,22,-0.29,,,,,,,,,,,,,,,,1085,6,5,7,-1.24,21,84,1196:1,-0.76,28,109,921:1,-1.72,100,388,258:1,-1.36,1684,-1.26,,,,,,55,-3.16,,,,,,45,-0.18,,,,36,45,18218,19045,96,94,97,-1.52,4037,5527,73,65,81,-1.30,580,12132,4.8,-1.15,14,9,19,-0.76,,,,,,103901,27630,3.8,-0.87,1119,5192,22,15,29,0.04,40,15.9,-1.70,125,99,81,116,0.75,,,,,,,,,,,,,,,,5.6,-0.95,No,-0.47,13,10,15,10,8,13,2,1,3,1,0,1,0.10,82,79,84,0.60,,,,,,,,,,,,,,,,11363,14,11,16,-1.71
26045,Michigan,Eaton,,1395,6639,6057,7221,-0.78,,,,,,,,,7686,5647,10221,,8245,5563,11771,,6467,5838,7096,,12,10,14,-1.38,2.9,2.7,3.2,-1.60,4.9,4.6,5.2,-2.05,,7,7,8,-0.10,,,,10,6,13,11,9,14,7,4,10,7,6,7,18,15,21,-1.34,36,35,38,-0.45,7.6,-0.37,19,17,21,-1.06,71,-0.15,21,20,22,-0.42,19,74,26,20,32,-0.51,411,372.7,0.71,14,12,15,-0.88,,,,,,,23,17,30,12,8,18,13,11,15,5053,6,5,7,-1.20,42,38,2623:1,0.63,80,73,1362:1,-0.52,222,204,491:1,0.10,2901,0.40,,,1308,,2889,39,0.30,,,,33,39,47,-0.38,,50,37,39,47,73085,76997,95,94,96,-1.25,20491,27285,75,72,79,-1.53,2873,54084,5.3,-0.73,12,8,16,-1.15,60,3,22,11,9,123184,35266,3.5,-1.45,4319,22715,19,16,22,-0.43,126,11.4,-0.22,431,79,71,86,-0.32,,,,,,,58,37,86,77,49,115,81,73,89,8.4,1.05,No,-0.47,11,10,12,9,8,10,2,1,2,1,0,1,-0.80,79,77,81,-0.12,,,,76,62,90,62,57,68,76,69,84,80,79,81,52724,26,24,28,-0.47
26047,Michigan,Emmet,,439,6207,5182,7232,-1.05,,,,,,,,,,,,,,,,,,,,,12,10,14,-1.33,3.1,2.7,3.4,-1.16,5.1,4.8,5.5,-0.89,,7,6,8,-0.66,,,,,,,,,,,,,,,,18,15,21,-1.30,35,33,37,-1.09,7.5,-0.21,18,15,20,-1.50,82,-0.79,22,21,23,0.89,7,17,41,28,53,0.49,58,173.6,-0.57,12,9,15,-1.21,,,,,,,,,,,,,,,,2139,8,7,10,0.56,41,123,813:1,-1.96,39,114,878:1,-1.90,136,397,252:1,-1.43,2351,-0.35,3852,,29412,,2208,49,-1.87,37,,,,49,55,-1.21,17,33,36,38,56,23667,24813,95,95,96,-1.42,5321,7626,70,64,76,-0.93,1043,16348,6.4,0.09,12,8,16,-1.17,4,,5,2,9,124079,30241,4.1,-0.12,1187,6455,18,14,23,-0.55,55,16.5,-1.89,122,73,60,86,-0.61,,,,,,,,,,,,,,,,5.7,-0.88,No,-0.47,12,10,14,11,9,13,1,1,1,1,0,1,-0.05,78,75,81,-0.38,85,74,96,,,,,,,52,34,69,80,79,82,16655,20,18,23,-1.05
26049,Michigan,Genesee,,7323,10547,10176,10918,1.66,,,,,,,,,16522,15520,17524,,10240,8216,12264,,8911,8520,9303,,17,15,19,1.23,3.8,3.5,4.0,1.09,6.1,5.8,6.4,2.95,,10,10,11,2.55,,,,10,7,13,16,15,16,7,5,8,8,8,9,22,19,25,0.41,42,41,44,2.06,6.4,1.56,25,23,27,1.57,86,-0.98,20,19,20,-1.84,61,239,26,22,29,-0.52,2778,684.6,2.71,25,24,26,0.69,,,,,,,46,43,49,14,11,18,18,16,19,20007,6,5,7,-0.92,368,91,1100:1,-0.98,299,74,1352:1,-0.54,1350,334,299:1,-0.93,3814,1.64,,,5751,3847,3439,39,0.30,,36,37,38,40,50,-0.69,60,58,40,43,52,255234,280008,91,,,0.11,63654,97699,65,,,-0.41,13251,174492,7.6,1.03,23,17,28,0.67,49,18,44,33,16,107787,23295,4.6,1.02,29677,91783,32,30,35,2.07,367,9.1,0.57,2149,106,101,110,1.13,135,79,217,,,,136,125,147,94,73,119,98,93,103,7.5,0.41,Yes,2.12,15,14,16,13,13,14,1,1,2,1,1,1,1.28,82,81,83,0.58,,,,76,68,84,80,74,86,70,63,77,82,81,83,168746,34,32,35,0.31
26051,Michigan,Gladwin,,519,10139,8536,11742,1.41,,,,,,,,,,,,,,,,,,,,,17,14,19,1.07,3.8,3.4,4.2,1.21,5.8,5.4,6.1,1.63,,8,6,9,0.16,,,,,,,,,,,,,,,,25,21,28,1.29,39,37,41,0.66,7.1,0.43,23,21,26,1.00,45,1.28,21,20,22,-0.29,8,14,57,45,67,1.53,38,149.3,-0.73,21,17,25,0.09,,,,,,,,,,,,,,,,1515,8,7,10,0.50,5,20,5085:1,1.19,4,16,6371:1,1.44,32,126,796:1,0.72,2672,0.09,,,,,,44,-0.78,,,,,,42,0.13,,,,33,43,16651,18851,88,87,90,1.13,2534,4626,55,50,60,0.75,677,9595,7.1,0.61,25,17,33,1.10,,,,21,19,92276,20929,4.4,0.55,903,4812,19,14,24,-0.48,17,6.7,1.36,113,89,73,106,0.25,,,,,,,,,,,,,,,,6.8,-0.09,No,-0.47,15,14,17,12,10,13,3,2,3,2,1,3,1.50,82,80,84,0.73,,,,,,,,,,,,,,,,8750,46,41,50,1.51
26053,Michigan,Gogebic,,259,8249,6413,10085,0.23,,,,,,,,,,,,,,,,,,,,,15,14,17,0.43,3.6,3.3,3.9,0.64,5.4,5.1,5.7,0.10,,7,5,9,-0.34,,,,,,,,,,,,,,,,22,19,26,0.41,39,37,40,0.57,7.5,-0.21,22,20,25,0.52,71,-0.17,21,20,22,-0.36,2,9,22,6,42,-0.74,28,200.4,-0.40,19,14,26,-0.11,,,,,,,,,,,,,,,,779,8,7,10,0.32,12,87,1154:1,-0.85,7,49,2052:1,0.31,29,202,495:1,0.12,1835,-1.05,,,,,,44,-0.78,,,,,,39,0.44,,,,,,10764,11432,94,93,96,-0.98,1775,3178,56,48,64,0.63,309,5582,5.5,-0.56,26,17,35,1.25,29,,,11,15,89439,18560,4.8,1.44,483,2407,20,14,27,-0.24,16,11.6,-0.25,59,80,61,104,-0.23,,,,,,,,,,,,,,,,5.3,-1.16,No,-0.47,11,9,13,10,8,13,0,0,1,0,0,1,-0.69,81,78,85,0.48,,,,,,,,,,,,,,,,6195,14,11,17,-1.64
26055,Michigan,Grand Traverse,,1083,5884,5289,6480,-1.25,,,,,,,,,,,,,,,,,,,,,11,10,13,-1.70,2.9,2.6,3.3,-1.73,5.0,4.6,5.4,-1.46,,7,6,8,-0.42,,,,,,,,,,8,5,12,7,6,7,17,14,21,-1.49,34,32,36,-1.43,7.9,-0.85,16,14,19,-2.16,80,-0.65,23,22,24,2.04,11,42,26,18,35,-0.48,250,268.6,0.04,13,12,15,-0.98,33,17,59,,,,,,,25,15,40,13,11,14,5166,7,6,8,-0.36,126,135,743:1,-2.31,97,101,988:1,-1.47,488,509,196:1,-2.32,2756,0.20,9182,,,,2706,44,-0.78,23,45,,23,45,58,-1.51,27,51,40,40,59,65021,68326,95,94,96,-1.34,17779,22972,77,73,82,-1.78,2410,47928,5.0,-0.95,12,9,15,-1.20,11,,15,5,17,121797,31653,3.8,-0.68,4090,19061,21,17,26,0.02,101,10.8,0.00,331,71,64,79,-0.71,,,,,,,,,,,,,,,,6.2,-0.52,No,-0.47,12,11,14,10,9,11,2,1,2,1,0,1,-0.06,75,73,76,-1.16,,,,,,,,,,70,59,82,77,76,78,47349,20,18,22,-1.08
26057,Michigan,Gratiot,,605,7163,6258,8068,-0.45,,,,,,,,,,,,,,,,,,,,,15,14,17,0.48,3.6,3.3,3.9,0.50,5.1,4.8,5.4,-1.06,,7,6,8,-0.43,,,,,,,,,,6,3,9,7,6,8,22,19,25,0.45,40,38,41,0.95,6.4,1.56,22,20,24,0.52,71,-0.14,21,20,22,-0.32,2,24,8,2,20,-1.64,103,253.0,-0.06,17,14,19,-0.45,,,,,,,,,,21,12,34,16,13,19,1825,7,5,8,-0.71,19,47,2120:1,0.35,18,43,2308:1,0.50,78,188,533:1,0.23,2406,-0.28,,,,,,42,-0.35,,,,30,43,41,0.23,,,,41,41,26614,28978,92,91,93,-0.14,6299,11050,57,53,61,0.50,947,17041,5.6,-0.54,20,15,26,0.24,,,,46,18,99705,24828,4.0,-0.31,2048,8133,25,20,30,0.72,48,11.9,-0.37,127,62,51,73,-1.20,,,,,,,,,,87,43,155,65,53,77,7.6,0.48,No,-0.47,11,10,13,10,9,12,1,0,2,1,0,1,-0.49,81,79,84,0.46,,,,,,,,,,72,65,79,81,78,84,16714,31,27,34,0.02
26059,Michigan,Hillsdale,,718,7989,7026,8953,0.06,,,,,,,,,,,,,,,,,,,,,15,13,17,0.22,3.5,3.2,3.8,0.24,5.1,4.8,5.5,-0.89,,6,5,7,-1.08,,,,,,,,,,,,,,,,22,19,25,0.38,36,34,38,-0.71,7.7,-0.53,22,19,24,0.21,53,0.82,21,20,22,-0.75,5,32,16,7,26,-1.16,113,247.8,-0.10,21,18,24,0.13,,,,,,,,,,,,,,,,2525,7,6,8,-0.21,11,24,4151:1,1.05,18,40,2530:1,0.63,73,160,624:1,0.45,3849,1.69,,,,,,37,0.73,,,,24,37,45,-0.18,,,,35,46,28125,31337,90,89,91,0.61,5544,9815,56,52,61,0.56,1074,19704,5.5,-0.63,22,16,27,0.48,82,,,32,24,99459,25782,3.9,-0.65,1988,9900,20,16,24,-0.23,55,12.0,-0.42,173,76,64,87,-0.48,,,,,,,,,,,,,,,,8.5,1.12,No,-0.47,12,11,13,9,7,10,2,2,3,2,2,3,-0.09,79,78,81,-0.04,,,,,,,,,,60,35,85,75,73,77,19448,36,33,39,0.54
26061,Michigan,Houghton,,433,6203,5286,7120,-1.05,,,,,,,,,,,,,,,,,,,,,15,12,17,0.00,3.5,3.1,3.8,0.26,5.6,5.2,5.9,0.78,,6,5,7,-1.03,,,,,,,,,,,,,,,,21,17,25,-0.04,35,32,37,-1.18,7.6,-0.37,21,18,23,-0.23,76,-0.43,23,22,24,1.40,2,12,17,4,34,-1.10,71,199.0,-0.41,10,8,12,-1.44,,,,,,,,,,,,,,,,2410,9,8,11,1.03,25,71,1405:1,-0.38,26,70,1435:1,-0.40,75,201,498:1,0.12,1624,-1.34,,,,,,41,-0.14,,27,,,42,31,1.26,20,29,,18,31,20563,22131,93,92,94,-0.53,5335,7694,69,63,76,-0.88,790,15678,5.0,-0.95,14,9,18,-0.84,,,72,12,10,101540,18298,5.5,3.03,1174,7619,15,12,19,-1.11,43,12.2,-0.48,123,68,56,80,-0.87,,,,,,,,,,,,,,,,5.1,-1.30,No,-0.47,16,14,18,14,11,16,2,2,3,2,1,2,1.99,70,67,73,-2.39,,,,,,,,,,,,,,,,15881,12,10,14,-1.90
26063,Michigan,Huron,,511,7414,6228,8600,-0.29,,,,,,,,,,,,,,,,,,,,,15,13,17,0.16,3.5,3.2,3.8,0.23,5.7,5.3,6.1,1.36,,7,6,8,-0.14,,,,,,,,,,13,5,20,7,6,8,23,19,26,0.57,35,33,36,-1.13,7.3,0.11,22,19,24,0.34,54,0.76,22,21,23,0.59,6,20,30,18,42,-0.23,62,200.1,-0.40,15,12,18,-0.73,,,,,,,,,,72,39,121,13,10,17,1541,7,6,8,-0.44,18,59,1703:1,0.00,17,54,1838:1,0.12,47,150,665:1,0.52,1721,-1.21,,,,,,42,-0.35,,,,,,44,-0.08,,,,30,44,21197,23300,91,90,92,0.17,3636,6051,60,56,64,0.15,796,14854,5.4,-0.70,17,12,21,-0.38,,,,37,16,96830,22625,4.3,0.27,1119,6095,18,14,22,-0.56,48,15.7,-1.61,147,94,79,110,0.53,,,,,,,,,,,,,,,,7.3,0.26,No,-0.47,10,9,11,9,8,10,1,1,2,0,0,1,-1.13,81,80,83,0.54,,,,,,,,,,69,49,88,81,80,83,13325,22,20,24,-0.85
26065,Michigan,Ingham,,3525,8018,7635,8401,0.08,,,,,2817,1984,3883,,14485,13067,15903,,8869,7423,10314,,7141,6719,7563,,14,12,15,-0.42,3.2,2.9,3.5,-0.70,5.3,5.1,5.6,-0.11,,8,8,9,0.84,,,,9,7,10,13,12,14,7,6,8,7,7,8,18,15,21,-1.26,33,31,34,-1.86,6.7,1.08,20,18,22,-0.49,91,-1.24,23,22,23,1.41,32,101,32,27,37,-0.12,1667,570.1,1.97,13,12,14,-1.01,18,9,34,2,1,4,33,30,36,19,16,22,9,8,10,14657,6,5,7,-0.86,333,115,873:1,-1.70,226,80,1257:1,-0.73,1338,471,212:1,-2.02,3008,0.54,,1761,5592,3632,2718,38,0.51,,25,32,30,39,49,-0.59,47,53,36,42,51,164021,175053,94,93,94,-0.81,56474,73180,77,75,80,-1.76,7915,141678,5.6,-0.52,17,12,21,-0.38,20,18,41,22,10,116159,23650,4.9,1.64,15347,56175,27,24,30,1.13,392,13.5,-0.89,1198,82,78,87,-0.12,145,75,254,17,10,27,102,88,116,77,62,94,85,79,91,7.1,0.12,Yes,2.12,17,16,18,15,14,16,2,1,2,1,1,1,2.30,71,70,72,-2.13,72,53,91,64,60,67,65,60,69,73,68,77,77,76,78,138400,19,17,20,-1.23
26067,Michigan,Ionia,,800,6162,5493,6832,-1.08,,,,,,,,,,,,,,,,,,,,,14,12,16,-0.26,3.3,3.0,3.6,-0.37,5.4,5.1,5.7,0.04,,7,7,8,-0.01,,,,,,,,,,5,2,8,8,7,8,21,18,24,0.07,39,38,41,0.91,7.8,-0.69,23,20,25,0.69,71,-0.18,21,20,22,-0.14,14,39,36,28,44,0.15,193,298.3,0.23,23,20,26,0.42,,,,,,,,,,35,24,48,22,19,25,3328,7,6,8,-0.59,17,26,3797:1,0.98,27,40,2489:1,0.60,96,143,700:1,0.58,2797,0.26,,,,,,38,0.51,,,,39,38,35,0.85,,,,15,35,41839,45718,92,91,92,-0.03,10163,17950,57,53,61,0.54,1408,29513,4.8,-1.15,15,11,19,-0.60,,,5,15,12,107196,31427,3.4,-1.63,2878,14796,19,16,23,-0.35,53,8.2,0.85,220,68,59,77,-0.87,,,,,,,,,,,,,,,,8.2,0.90,No,-0.47,11,9,12,8,7,10,2,1,3,0,0,1,-0.88,84,83,84,1.13,,,,,,,,,,79,67,91,80,78,81,29859,44,40,47,1.31
26069,Michigan,Iosco,,536,11194,9413,12975,2.07,,,,,,,,,,,,,,,,,,,,,16,14,18,0.91,3.7,3.4,4.1,0.95,5.6,5.2,5.9,0.83,,7,6,8,-0.20,,,,,,,,,,,,,,,,24,20,27,0.98,40,38,42,1.29,7.0,0.59,23,20,26,0.82,75,-0.37,21,20,22,-0.66,2,21,10,2,23,-1.56,58,230.8,-0.20,36,30,42,2.32,,,,,,,,,,,,,,,,1343,8,7,9,0.16,10,40,2514:1,0.58,19,75,1335:1,-0.57,51,201,497:1,0.12,2520,-0.12,,,,,,45,-1.00,,,,27,45,34,0.95,,,10,10,34,17545,19614,89,88,91,0.72,2823,4783,59,52,66,0.27,709,9819,7.2,0.74,25,16,33,1.00,,,,6,20,80646,20512,3.9,-0.49,884,4187,21,16,26,-0.04,38,15.1,-1.43,139,110,92,129,1.39,,,,,,,,,,,,,,,,6.5,-0.31,No,-0.47,12,10,13,9,8,11,2,1,3,1,1,2,-0.34,80,78,83,0.22,,,,,,,,,,,,,,,,9013,25,22,28,-0.57
26071,Michigan,Iron,,228,11379,8490,14268,2.19,,,,,,,,,,,,,,,,,,,,,15,13,17,0.38,3.6,3.2,3.9,0.47,5.4,5.0,5.8,0.20,,9,7,12,1.62,,,,,,,,,,,,,,,,23,19,26,0.68,35,33,37,-0.83,7.3,0.11,23,20,25,0.65,82,-0.78,22,21,23,0.75,5,9,56,39,68,1.42,20,180.7,-0.53,26,19,35,0.88,,,,,,,,,,,,,,,,628,8,7,10,0.51,8,72,1383:1,-0.41,4,34,2909:1,0.80,14,120,831:1,0.76,1960,-0.88,,,,,,47,-1.43,,,,,,33,1.05,,,,,,8233,8923,92,91,94,-0.30,1039,2020,51,44,59,1.12,288,4742,6.1,-0.15,26,18,34,1.22,,,,9,25,89649,20367,4.4,0.53,692,1989,35,24,46,2.53,13,11.7,-0.32,70,126,98,159,2.22,,,,,,,,,,,,,,,,5.3,-1.16,No,-0.47,11,9,13,9,8,11,1,0,2,1,0,1,-0.69,81,75,86,0.31,,,,,,,,,,,,,,,,4375,20,17,23,-1.07
26073,Michigan,Isabella,,746,7275,6473,8076,-0.38,18949,13044,26612,,,,,,,,,,,,,,6687,5838,7537,,16,14,19,1.02,3.8,3.5,4.1,1.19,5.4,5.1,5.7,0.17,,8,7,9,0.35,16,11,21,,,,13,7,18,7,4,10,7,7,8,22,19,25,0.38,37,35,39,-0.11,7.2,0.27,22,20,25,0.56,73,-0.28,20,19,21,-1.83,18,47,38,31,46,0.31,281,402.2,0.89,8,7,9,-1.69,35,24,49,,,,8,4,14,14,9,23,7,6,8,5383,10,8,11,1.35,29,42,2397:1,0.52,45,69,1440:1,-0.39,221,341,293:1,-0.99,2297,-0.42,9764,,,,2064,38,0.51,46,25,,,38,47,-0.38,42,42,47,36,47,33905,36647,93,92,93,-0.39,9683,14496,67,63,71,-0.60,1676,31774,5.3,-0.76,16,11,21,-0.43,29,,4,21,19,97224,18636,5.2,2.31,2634,11389,23,19,27,0.34,59,8.5,0.76,185,53,45,60,-1.72,213,143,306,,,,,,,,,,48,40,56,7.2,0.19,No,-0.47,19,17,20,18,16,19,2,1,2,1,0,1,3.18,78,76,80,-0.38,78,65,91,,,,67,55,79,75,66,84,80,78,82,30181,19,17,21,-1.19
26075,Michigan,Jackson,,2508,8567,8040,9094,0.43,,,,,,,,,12987,10905,15069,,8309,5936,11314,,8098,7549,8647,,14,13,16,-0.21,3.3,3.0,3.6,-0.31,5.3,5.0,5.6,-0.31,,9,8,9,0.98,,,,13,8,17,14,13,16,8,5,10,8,7,8,20,17,23,-0.42,39,37,40,0.53,7.1,0.43,19,17,22,-0.76,75,-0.38,21,21,22,0.07,23,88,26,21,32,-0.48,689,434.7,1.10,24,22,25,0.54,,,,,,,50,42,57,30,23,39,20,18,22,7416,6,5,7,-0.94,69,44,2274:1,0.45,107,67,1496:1,-0.30,520,325,308:1,-0.86,2954,0.47,,,4690,556,2891,39,0.30,,33,33,30,39,54,-1.10,,56,36,43,55,103220,112398,92,91,93,-0.14,23591,39456,60,57,63,0.19,4130,71993,5.7,-0.41,18,13,23,-0.16,,,37,28,13,110173,25952,4.2,0.19,10586,34731,30,27,34,1.72,145,9.2,0.51,522,66,60,72,-1.00,,,,,,,77,58,101,42,22,73,66,60,72,8.6,1.19,Yes,2.12,12,11,13,10,9,11,1,1,2,1,1,1,-0.32,83,81,85,1.04,,,,90,78,100,77,68,85,82,74,89,84,82,85,69302,28,26,30,-0.24
26077,Michigan,Kalamazoo,,3060,6809,6455,7163,-0.67,,,,,,,,,12104,10774,13433,,6853,5353,8645,,6080,5709,6451,,13,11,15,-0.85,3.1,2.8,3.4,-0.99,5.4,5.1,5.7,0.08,,8,8,8,0.41,,,,8,6,10,14,13,15,7,6,8,6,6,7,19,16,22,-0.88,40,38,41,1.04,7.6,-0.37,18,16,20,-1.24,89,-1.14,21,20,22,-0.57,42,143,29,25,34,-0.27,1932,728.9,2.99,18,17,20,-0.23,,,,,,,48,44,52,27,23,32,12,11,13,14717,7,6,8,-0.55,272,102,978:1,-1.33,197,75,1325:1,-0.59,1237,474,211:1,-2.04,2420,-0.26,,,4772,530,2254,39,0.30,57,31,32,27,40,56,-1.31,52,49,42,45,58,155284,164664,94,94,95,-1.03,51493,66462,77,75,80,-1.79,6441,128630,5.0,-0.97,15,11,19,-0.71,7,5,32,25,9,125227,26655,4.7,1.18,14217,56625,25,22,28,0.71,267,10.0,0.25,1042,79,74,84,-0.31,,,,30,16,53,84,70,98,70,52,93,80,75,86,7.3,0.26,No,-0.47,13,12,14,11,10,12,1,1,2,1,1,1,0.39,80,79,81,0.21,,,,72,64,80,71,67,75,70,64,75,83,82,84,127638,19,18,21,-1.13
26079,Michigan,Kalkaska,,342,8542,6997,10088,0.41,,,,,,,,,,,,,,,,,,,,,16,14,18,0.80,3.7,3.3,4.1,0.89,5.6,5.2,5.9,0.81,,7,5,8,-0.46,,,,,,,,,,,,,,,,24,21,27,1.10,40,38,42,1.00,7.4,-0.05,24,21,26,1.04,43,1.36,22,20,23,0.17,7,18,39,26,51,0.34,35,194.0,-0.44,27,21,33,0.99,,,,,,,,,,,,,,,,1207,9,7,10,0.65,5,28,3601:1,0.94,7,39,2568:1,0.65,15,83,1199:1,1.06,1845,-1.04,,,,,,31,2.03,,,,,,36,0.74,,,,,,11383,12923,88,87,89,1.21,2188,4241,52,45,58,1.10,554,7632,7.3,0.77,19,12,25,0.00,,,30,64,19,93828,22435,4.2,0.05,700,3663,19,12,26,-0.42,14,7.8,1.00,81,91,72,113,0.36,,,,,,,,,,,,,,,,6.0,-0.66,No,-0.47,13,11,15,11,9,13,2,1,3,1,0,2,0.42,81,77,85,0.45,,,,,,,,,,,,,,,,7284,43,38,48,1.29
26081,Michigan,Kent,,6566,6069,5856,6282,-1.14,7094,4714,10253,,2591,1904,3445,,12273,11348,13198,,5494,4883,6104,,5352,5121,5584,,13,11,14,-1.01,3.1,2.8,3.4,-1.08,5.1,4.8,5.4,-1.04,,8,8,8,0.65,12,7,17,9,8,10,15,14,16,8,7,9,7,6,7,17,13,20,-1.75,35,33,36,-1.09,8.2,-1.34,17,15,19,-1.85,94,-1.41,23,22,24,1.58,95,295,32,29,35,-0.09,3351,510.1,1.59,19,18,20,-0.12,23,12,38,8,6,10,44,41,47,37,35,39,10,10,11,39256,7,6,8,-0.36,618,94,1066:1,-1.07,506,77,1300:1,-0.64,2925,444,225:1,-1.81,2343,-0.36,,2385,5736,2396,2061,41,-0.14,16,26,34,32,43,52,-0.90,44,58,38,41,54,401335,435759,92,92,92,-0.24,137142,187402,73,72,75,-1.31,16429,349167,4.7,-1.20,13,10,15,-1.03,25,5,36,25,6,129182,31520,4.1,-0.13,35967,157769,23,21,24,0.28,798,12.1,-0.44,2181,67,64,70,-0.95,105,59,173,20,12,30,89,79,98,44,37,51,69,65,72,8.1,0.83,No,-0.47,13,12,13,10,10,11,2,2,2,1,1,1,0.16,77,77,78,-0.50,73,64,83,76,71,81,69,65,73,71,69,73,82,81,83,332643,21,20,22,-0.94
26083,Michigan,Keweenaw,x,,,,,0.00,,,,,,,,,,,,,,,,,,,,,11,9,13,-1.92,2.9,2.5,3.2,-1.79,4.9,4.5,5.3,-1.83,,,,,0.00,,,,,,,,,,,,,,,,17,14,21,-1.56,35,33,37,-1.00,7.9,-0.85,17,15,19,-1.90,6,3.00,23,22,24,1.73,1,1,100,,,3.00,5,236.3,-0.17,,,,0.00,,,,,,,,,,,,,,,,80,6,5,7,-1.02,,,,0.00,0,0,2107:0,1.97,1,47,2107:1,1.34,788,-2.48,,,,,,38,0.51,,,,,,26,1.77,,,,,,1592,1651,96,95,98,-1.80,208,336,62,45,78,-0.05,59,883,6.7,0.33,16,11,22,-0.45,,,,,,106500,27082,3.9,-0.49,106,309,34,12,57,2.44,0,0.0,3.00,11,103,52,185,1.00,,,,,,,,,,,,,,,,4.8,-1.52,No,-0.47,10,6,13,7,3,11,3,0,5,1,0,3,-1.27,75,68,81,-1.21,,,,,,,,,,,,,,,,790,34,21,46,0.30
26085,Michigan,Lake,,275,10140,7694,12585,1.41,,,,,,,,,,,,,,,,,,,,,20,17,22,2.67,4.2,3.8,4.6,2.56,5.8,5.4,6.1,1.60,,10,8,12,1.97,,,,,,,24,14,34,,,,8,5,10,27,23,30,2.05,39,37,41,0.78,7.1,0.43,26,23,29,2.14,80,-0.64,20,19,21,-1.67,3,11,27,11,45,-0.41,19,160.3,-0.66,36,28,45,2.26,,,,,,,64,36,104,,,,33,24,43,669,9,7,10,0.62,1,9,11587:1,1.52,11,89,1119:1,-1.06,10,81,1231:1,1.07,2645,0.05,,,1786,,2469,35,1.16,,,52,,34,37,0.64,,,28,,38,7775,9486,82,80,84,3.00,819,2042,40,33,47,2.39,316,3843,8.2,1.52,32,21,43,2.28,,,11,16,27,78163,17453,4.5,0.70,351,2021,17,11,24,-0.74,10,8.6,0.71,48,82,60,108,-0.16,,,,,,,,,,,,,,,,6.4,-0.38,No,-0.47,14,12,16,13,10,15,2,1,2,1,0,1,0.91,76,73,80,-0.72,,,,,,,,,,,,,,,,3658,47,41,53,1.68
26087,Michigan,Lapeer,,1286,6929,6262,7595,-0.60,,,,,,,,,,,,,,,,,,,,,14,12,15,-0.42,3.4,3.0,3.7,-0.19,5.4,5.0,5.7,-0.03,,7,6,8,-0.36,,,,,,,,,,10,7,13,7,6,8,20,17,23,-0.39,38,37,40,0.44,7.9,-0.85,23,20,25,0.65,68,0.01,22,21,23,0.78,12,54,22,15,30,-0.74,142,162.1,-0.64,12,10,14,-1.16,,,,,,,,,,14,9,22,11,10,13,4880,7,6,8,-0.40,32,37,2739:1,0.67,49,55,1806:1,0.09,134,151,661:1,0.52,3413,1.10,,,,3811,3380,35,1.16,,,,24,35,46,-0.28,,25,,46,46,58150,63420,92,91,93,-0.09,11718,19687,60,56,63,0.22,2429,40133,6.1,-0.16,11,7,15,-1.27,,,57,25,11,122479,32987,3.7,-0.97,2859,18213,16,12,19,-1.06,83,9.5,0.44,295,67,59,75,-0.94,,,,,,,,,,62,33,107,69,60,77,8.5,1.12,No,-0.47,12,11,13,10,9,11,2,1,2,0,0,1,-0.26,83,81,85,0.94,,,,,,,,,,62,49,75,79,77,82,39731,55,52,58,2.50
26089,Michigan,Leelanau,,240,4930,3616,6244,-1.85,,,,,,,,,,,,,,,,,,,,,10,9,12,-2.24,2.8,2.5,3.1,-2.15,5.0,4.6,5.4,-1.38,,5,4,6,-2.04,,,,,,,,,,,,,,,,15,12,18,-2.25,33,31,35,-1.94,8.8,-2.30,16,14,18,-2.20,72,-0.21,23,22,24,1.46,4,20,20,9,33,-0.88,24,110.3,-0.98,9,6,12,-1.62,,,,,,,,,,,,,,,,1300,9,8,10,0.86,9,41,2416:1,0.53,10,44,2262:1,0.47,15,66,1508:1,1.19,3853,1.69,3370,,,,3724,45,-1.00,41,,,,45,61,-1.82,10,,,45,62,16697,17329,96,95,97,-1.77,3035,3966,77,69,84,-1.69,523,10047,5.2,-0.82,11,8,15,-1.26,58,,,58,3,132217,36899,3.6,-1.25,560,3534,16,10,22,-1.03,33,15.2,-1.45,79,73,58,91,-0.64,,,,,,,,,,,,,,,,6.1,-0.59,No,-0.47,12,10,14,11,9,13,1,0,1,1,0,2,-0.05,78,75,81,-0.39,,,,,,,,,,,,,,,,9461,31,26,35,-0.01
26091,Michigan,Lenawee,,1427,6949,6362,7536,-0.59,,,,,,,,,8260,5345,12193,,8109,6074,10607,,6944,6310,7578,,14,13,16,-0.10,3.4,3.1,3.7,0.02,5.2,4.9,5.5,-0.64,,7,7,8,-0.19,,,,,,,11,6,15,10,7,12,7,6,8,20,17,23,-0.39,41,40,43,1.59,7.3,0.11,22,20,24,0.34,74,-0.34,22,21,23,0.35,20,67,30,24,36,-0.24,243,246.8,-0.10,20,18,22,-0.04,,,,,,,38,26,55,20,15,26,19,17,21,5112,7,6,8,-0.47,21,21,4658:1,1.13,47,47,2105:1,0.36,255,258,388:1,-0.33,2789,0.25,,,3637,2293,2747,41,-0.14,,38,36,30,42,52,-0.90,,48,38,43,52,63268,69179,91,90,92,0.00,13831,23238,60,56,63,0.22,2429,44522,5.5,-0.62,15,12,19,-0.57,,,29,30,11,107876,29023,3.7,-0.96,4123,20824,20,16,23,-0.29,121,12.4,-0.52,351,71,64,79,-0.71,,,,,,,85,45,145,50,31,77,73,65,81,8.4,1.05,Yes,2.12,11,10,13,10,9,11,1,1,2,0,0,1,-0.46,83,82,85,0.97,,,,,,,,,,84,80,88,80,78,82,43240,39,37,42,0.88
26093,Michigan,Livingston,,1944,4971,4597,5344,-1.82,,,,,,,,,,,,,,,,,,,,,10,8,11,-2.50,2.8,2.5,3.2,-2.00,5.0,4.6,5.3,-1.65,,6,6,6,-1.16,,,,8,4,12,,,,6,4,9,6,6,6,16,13,20,-1.83,34,32,35,-1.60,8.5,-1.82,16,13,18,-2.47,88,-1.08,23,22,24,1.61,24,96,25,20,30,-0.56,301,156.8,-0.68,5,4,6,-2.19,,,,,,,,,,,,,,,,6482,4,4,5,-2.28,97,50,1983:1,0.25,122,63,1598:1,-0.15,429,220,455:1,-0.03,2575,-0.05,,,,3125,2611,37,0.73,,38,,30,37,56,-1.31,,63,35,46,56,131365,136912,96,96,96,-1.63,33014,43623,76,73,78,-1.59,4234,101855,4.2,-1.63,6,4,7,-2.23,18,,7,3,6,160059,42362,3.8,-0.83,5556,40914,14,12,16,-1.45,141,7.3,1.14,618,65,60,70,-1.06,,,,,,,,,,46,23,82,66,61,72,9.1,1.54,No,-0.47,9,9,10,8,8,9,1,1,1,0,0,1,-1.44,82,81,83,0.78,,,,84,74,94,63,53,72,68,60,77,77,76,78,96875,52,50,54,2.15
26095,Michigan,Luce,,97,8845,5778,12961,0.60,,,,,,,,,,,,,,,,,,,,,16,14,18,0.86,3.6,3.3,3.9,0.53,5.2,4.9,5.5,-0.71,,11,7,14,2.63,,,,,,,,,,,,,,,,23,20,26,0.60,40,38,42,1.12,6.6,1.24,22,20,25,0.56,66,0.13,21,20,22,0.02,3,4,75,57,86,2.68,7,112.4,-0.96,28,18,41,1.19,,,,,,,,,,,,,,,,347,9,8,11,1.07,7,114,875:1,-1.69,3,57,1770:1,0.05,9,170,590:1,0.37,2778,0.23,17391,,,,2236,40,0.08,,,,,,18,2.59,33,,,,18,3923,4246,92,90,95,-0.34,882,1533,58,46,69,0.44,150,2119,7.1,0.63,27,17,36,1.37,37,,,68,25,89942,24133,3.7,-0.94,145,904,16,7,25,-0.99,10,16.3,-1.83,27,86,57,125,0.08,,,,,,,,,,,,,,,,4.8,-1.52,No,-0.47,12,8,16,10,6,14,1,0,2,1,0,3,-0.10,79,74,83,-0.14,,,,,,,,,,,,,,,,1817,10,6,14,-2.11
26097,Michigan,Mackinac,,194,7420,5481,9359,-0.29,,,,,,,,,,,,,,,,,,,,,16,15,18,0.86,3.7,3.4,4.0,0.81,5.4,5.1,5.7,0.04,,7,5,9,-0.10,,,,,,,,,,,,,,,,23,20,26,0.79,39,37,40,0.53,5.8,2.52,23,21,25,0.78,69,-0.06,21,20,22,-0.14,4,15,27,13,41,-0.45,17,157.4,-0.67,15,10,22,-0.69,,,,,,,,,,,,,,,,954,13,10,15,3.00,8,74,1355:1,-0.46,9,83,1212:1,-0.83,21,193,519:1,0.19,1769,-1.14,2969,,,,1190,44,-0.78,35,,,,46,30,1.36,20,,,,31,7730,8453,91,90,93,0.00,1100,2061,53,46,61,0.91,410,4785,8.6,1.78,20,13,27,0.29,37,,,5,14,98186,22536,4.4,0.43,401,1663,24,16,32,0.52,18,16.6,-1.92,51,95,70,124,0.53,,,,,,,,,,,,,,,,5.5,-1.02,No,-0.47,16,13,19,13,10,16,2,1,3,4,2,6,1.83,64,60,68,-3.00,76,71,82,,,,,,,,,,64,57,70,4273,31,25,37,0.00
26099,Michigan,Macomb,,12427,7701,7489,7914,-0.12,,,,,3012,2453,3571,,11951,11256,12646,,5510,4468,6552,,7247,7015,7479,,14,12,15,-0.48,3.3,3.0,3.6,-0.54,5.3,5.0,5.6,-0.20,,9,9,9,1.15,5,2,9,10,9,11,14,13,14,8,7,9,8,7,8,18,15,21,-1.18,37,35,38,-0.32,7.5,-0.21,21,19,23,0.03,97,-1.58,20,19,21,-1.28,57,252,23,19,26,-0.71,3044,348.3,0.55,11,11,12,-1.24,,,,4,3,5,27,25,29,18,15,21,8,8,9,46934,7,6,7,-0.66,475,55,1833:1,0.13,798,91,1099:1,-1.12,1921,219,456:1,-0.02,4223,2.20,,3149,8038,2222,4033,34,1.38,23,23,31,34,35,53,-1.00,49,51,37,49,54,563098,622955,90,90,91,0.38,152389,224600,68,66,69,-0.72,26105,439812,5.9,-0.25,17,14,19,-0.38,40,17,29,18,11,128335,30348,4.2,0.15,42042,185605,23,21,24,0.25,462,5.3,1.81,3898,89,87,92,0.26,63,30,115,24,17,31,85,77,93,72,57,89,94,91,97,7.3,0.26,No,-0.47,13,13,14,12,11,12,2,2,2,1,1,1,0.58,82,81,83,0.70,78,66,90,76,74,78,75,73,77,76,73,80,81,80,82,420591,43,41,44,1.20
26101,Michigan,Manistee,,455,9175,7670,10681,0.81,,,,,,,,,,,,,,,,,,,,,14,12,16,-0.26,3.4,3.1,3.7,-0.02,5.3,5.0,5.6,-0.25,,7,6,9,0.03,,,,,,,,,,,,,,,,21,18,24,-0.08,37,35,39,-0.11,7.9,-0.85,20,18,23,-0.32,75,-0.41,22,21,22,0.14,6,18,33,21,46,-0.02,30,122.2,-0.90,30,25,35,1.44,72,35,133,,,,,,,43,23,73,27,22,32,1442,9,7,10,0.62,11,44,2249:1,0.43,17,67,1491:1,-0.31,39,154,650:1,0.50,2537,-0.10,3716,,,,2533,39,0.30,,,,27,40,48,-0.49,29,,,34,49,17193,18857,91,90,93,0.10,2892,5083,57,51,63,0.51,710,9744,7.3,0.79,21,14,28,0.41,,,,7,16,96454,25673,3.8,-0.87,898,4328,21,16,26,-0.11,27,10.9,-0.04,134,109,91,128,1.32,,,,,,,,,,,,,,,,5.0,-1.37,No,-0.47,11,9,12,9,8,11,1,1,2,1,0,2,-0.75,80,77,82,0.06,,,,,,,,,,,,,,,,9644,26,23,29,-0.47
26103,Michigan,Marquette,,887,6752,6023,7480,-0.71,,,,,,,,,,,,,,,,,,,,,13,11,15,-0.90,3.2,2.8,3.5,-0.86,5.0,4.7,5.3,-1.47,,7,6,7,-0.67,10,5,14,,,,,,,,,,6,6,7,19,16,22,-0.77,34,33,36,-1.22,7.6,-0.37,19,17,22,-0.97,84,-0.87,22,21,23,0.73,12,28,43,33,52,0.60,205,307.4,0.29,9,7,10,-1.61,26,14,44,,,,,,,31,17,53,8,6,9,3270,7,6,8,-0.65,81,123,813:1,-1.96,61,92,1084:1,-1.16,298,451,222:1,-1.86,1722,-1.21,,,,,,44,-0.78,31,,,36,44,53,-1.00,34,,,55,54,42248,44338,95,95,96,-1.39,11267,15182,74,70,79,-1.43,1644,30639,5.4,-0.69,14,10,19,-0.79,19,,,39,15,102239,25976,3.9,-0.48,2210,11883,19,15,23,-0.51,101,15.3,-1.51,256,77,68,87,-0.40,,,,,,,,,,,,,,,,5.3,-1.16,Yes,2.12,12,11,13,11,10,12,1,1,1,1,0,1,-0.03,79,78,80,-0.04,,,,,,,,,,,,,,,,29945,18,16,20,-1.30
26105,Michigan,Mason,,433,7933,6637,9228,0.03,,,,,,,,,,,,,,,,,,,,,15,13,17,0.06,3.4,3.1,3.7,-0.06,5.3,4.9,5.6,-0.33,,7,6,9,0.01,,,,,,,,,,,,,,,,21,18,25,0.11,37,35,39,-0.07,7.0,0.59,21,19,23,-0.05,87,-1.02,22,21,23,0.28,9,33,27,18,37,-0.41,56,192.1,-0.45,22,18,26,0.26,,,,,,,,,,,,,,,,1656,8,6,9,0.06,22,75,1326:1,-0.51,17,58,1728:1,0.00,100,340,294:1,-0.98,3007,0.54,,,,7770,2850,45,-1.00,,,,27,45,38,0.54,50,,,13,38,19750,21167,93,92,94,-0.67,3719,6141,61,55,66,0.10,838,13009,6.4,0.14,21,15,28,0.46,,,,24,27,100258,25716,3.9,-0.56,1397,5934,24,18,29,0.42,36,12.3,-0.51,143,98,82,115,0.74,,,,,,,,,,,,,,,,6.6,-0.23,No,-0.47,12,10,13,10,9,12,1,0,1,1,0,1,-0.38,79,77,82,-0.05,,,,,,,,,,69,56,82,81,79,83,12348,18,16,20,-1.26
26107,Michigan,Mecosta,,561,6889,5916,7863,-0.62,,,,,,,,,,,,,,,,,,,,,15,14,18,0.48,3.6,3.2,3.9,0.50,5.3,5.0,5.7,-0.23,,7,6,8,-0.59,,,,,,,,,,,,,,,,23,19,26,0.53,38,36,40,0.31,6.2,1.88,22,20,25,0.43,63,0.27,21,20,22,-0.76,3,16,19,7,34,-0.96,138,317.6,0.35,13,11,15,-1.06,,,,,,,16,9,26,,,,13,11,14,2644,8,7,10,0.42,21,48,2091:1,0.33,19,47,2107:1,0.36,70,175,572:1,0.33,2476,-0.18,,,,,,41,-0.14,,,,,,39,0.44,,,4,24,39,23419,25338,92,91,93,-0.35,4890,8129,60,55,65,0.15,1130,17735,6.4,0.09,19,13,26,0.10,66,,77,42,15,94179,21409,4.4,0.53,1361,7460,18,14,22,-0.58,47,10.7,0.03,141,65,54,76,-1.06,,,,,,,,,,,,,,,,7.0,0.05,No,-0.47,16,14,18,13,11,16,2,1,3,1,0,1,1.66,78,77,79,-0.31,,,,,,,68,51,84,,,,79,77,80,16465,31,28,34,0.05
26109,Michigan,Menominee,,365,7004,5636,8372,-0.55,,,,,,,,,,,,,,,,,,,,,14,12,16,-0.26,3.4,3.2,3.8,0.09,5.2,4.9,5.5,-0.71,,5,4,6,-2.24,,,,,,,,,,,,,,,,22,19,25,0.30,38,36,40,0.19,7.8,-0.69,21,19,23,-0.01,62,0.36,23,22,24,1.85,6,15,40,26,53,0.42,28,122.9,-0.90,21,17,26,0.16,,,,,,,,,,,,,,,,1271,8,6,9,0.05,7,31,3230:1,0.84,13,56,1792:1,0.07,32,137,728:1,0.63,2267,-0.47,5410,,,,2147,46,-1.22,45,,,,46,37,0.64,18,,,,38,16269,17490,93,92,94,-0.57,2676,4648,58,51,64,0.43,472,10438,4.5,-1.35,17,11,23,-0.33,29,,,4,9,97923,23572,4.2,-0.01,601,4277,14,10,18,-1.37,24,10.6,0.06,119,104,85,122,1.03,,,,,,,,,,,,,,,,6.5,-0.31,No,-0.47,9,8,11,7,6,9,1,1,2,1,0,2,-1.51,78,75,81,-0.27,80,66,95,,,,,,,,,,78,74,82,10481,27,24,30,-0.35
26111,Michigan,Midland,,933,5771,5183,6360,-1.32,,,,,,,,,,,,,,,,,,,,,12,10,14,-1.49,3.0,2.6,3.3,-1.52,5.0,4.6,5.4,-1.48,,7,6,7,-0.52,,,,10,6,14,,,,12,8,17,6,6,7,18,14,21,-1.34,36,34,37,-0.75,8.0,-1.01,18,16,21,-1.28,76,-0.43,22,21,23,0.27,18,47,38,31,46,0.31,166,199.6,-0.40,11,9,13,-1.31,,,,,,,,,,,,,,,,3594,5,4,6,-1.45,88,105,948:1,-1.42,61,73,1368:1,-0.51,258,309,323:1,-0.73,2348,-0.36,,,,3089,2332,44,-0.78,,45,50,31,44,56,-1.31,,69,50,50,56,55542,58656,95,94,95,-1.17,15164,20467,74,70,79,-1.41,1880,38276,4.9,-1.04,13,9,17,-0.95,,,23,18,13,134846,28319,4.8,1.32,3224,17888,18,15,21,-0.62,78,9.3,0.48,225,54,47,61,-1.64,,,,,,,,,,,,,,,,7.5,0.41,No,-0.47,10,9,11,9,8,10,1,1,2,0,0,1,-1.07,82,80,84,0.60,,,,,,,,,,84,78,91,82,80,84,37233,29,26,31,-0.18
26113,Michigan,Missaukee,,217,6067,4744,7390,-1.14,,,,,,,,,,,,,,,,,,,,,15,13,17,0.22,3.5,3.2,3.8,0.29,5.5,5.2,5.9,0.70,,6,4,7,-1.52,,,,,,,,,,,,,,,,23,19,26,0.60,38,36,40,0.14,7.8,-0.69,22,20,24,0.30,18,2.78,22,20,23,0.25,3,11,27,11,45,-0.41,31,205.1,-0.37,28,23,35,1.20,,,,,,,,,,,,,,,,1044,9,7,10,0.85,3,20,5051:1,1.18,3,20,5043:1,1.29,7,46,2161:1,1.35,3121,0.70,,,,,,43,-0.57,,,,,,44,-0.08,,,,,,9494,10530,90,89,91,0.46,1849,3360,55,50,60,0.72,379,6800,5.6,-0.53,17,11,23,-0.28,,,,19,17,94395,25777,3.7,-1.08,575,3454,17,12,21,-0.88,15,9.9,0.29,44,58,42,78,-1.41,,,,,,,,,,,,,,,,5.8,-0.80,No,-0.47,13,12,15,10,8,12,3,2,4,1,1,2,0.53,79,77,82,0.03,,,,,,,,,,,,,,,,6240,27,24,30,-0.37
26115,Michigan,Monroe,,2245,8217,7658,8776,0.21,,,,,,,,,11823,8624,15820,,6903,4549,10044,,8241,7649,8833,,13,12,15,-0.58,3.3,3.0,3.6,-0.45,5.0,4.7,5.3,-1.51,,8,7,8,0.07,,,,,,,15,11,18,8,5,10,7,7,8,20,17,23,-0.54,39,37,41,0.78,8.0,-1.01,20,17,22,-0.71,77,-0.46,21,20,22,-0.46,46,108,43,38,47,0.58,406,269.8,0.05,17,15,18,-0.47,,,,,,,41,31,53,16,11,23,16,14,17,6302,5,4,6,-1.58,56,37,2689:1,0.65,70,45,2218:1,0.44,273,176,569:1,0.32,3614,1.37,,,3254,3743,3568,35,1.16,,17,30,28,35,51,-0.80,,51,36,41,52,99872,109148,92,91,92,-0.02,23118,36296,64,60,67,-0.25,4340,72149,6.0,-0.19,12,9,16,-1.08,,6,23,15,14,128229,29832,4.3,0.31,6872,32964,21,18,24,-0.09,113,7.5,1.09,653,87,80,94,0.13,,,,,,,63,34,106,69,41,108,89,82,96,9.7,1.97,No,-0.47,11,10,13,10,9,11,1,1,1,1,1,1,-0.40,85,83,87,1.46,,,,,,,80,67,94,73,62,84,81,79,83,70057,41,38,43,1.00
26117,Michigan,Montcalm,,997,8401,7577,9225,0.32,,,,,,,,,,,,,,,,,,,,,15,13,17,0.27,3.5,3.2,3.9,0.37,5.3,5.0,5.7,-0.09,,7,6,8,-0.28,,,,,,,,,,8,4,12,7,6,8,23,20,26,0.57,39,38,41,0.91,7.9,-0.85,22,20,25,0.56,56,0.67,21,20,21,-0.86,21,69,30,24,37,-0.20,185,289.6,0.17,25,23,28,0.79,,,,,,,,,,27,17,42,26,23,29,3565,7,6,9,-0.20,22,35,2885:1,0.73,31,46,2168:1,0.40,184,274,365:1,-0.45,2547,-0.08,,,,,,43,-0.57,,,,43,43,37,0.64,,,27,33,37,41147,46506,88,87,90,1.07,8465,16435,52,48,55,1.11,1512,27073,5.6,-0.52,18,12,24,-0.14,,,,4,17,96773,25417,3.8,-0.76,2404,14797,16,13,20,-0.95,70,11.0,-0.08,272,86,75,96,0.05,,,,,,,,,,,,,,,,7.8,0.62,No,-0.47,13,11,14,10,8,11,2,1,3,1,1,2,0.25,83,82,85,1.05,,,,,,,,,,86,74,98,83,80,85,27511,47,44,50,1.64
26119,Michigan,Montmorency,,214,10538,7558,13518,1.66,,,,,,,,,,,,,,,,,,,,,16,14,18,0.70,3.7,3.3,4.0,0.88,5.6,5.2,5.9,0.96,,7,5,10,-0.16,,,,,,,,,,,,,,,,24,20,27,0.95,38,36,40,0.49,7.1,0.43,23,20,25,0.69,15,2.91,21,20,22,-0.21,3,4,75,57,86,2.68,9,96.5,-1.07,25,17,35,0.66,,,,,,,,,,,,,,,,483,8,6,9,0.19,7,75,1334:1,-0.50,4,43,2324:1,0.51,16,172,581:1,0.35,2387,-0.30,,,,,,37,0.73,,,,,,34,0.95,,,,,,6404,7268,88,86,90,1.20,758,1445,52,43,62,1.01,275,2936,9.4,2.40,29,19,38,1.68,,,,24,29,81397,19094,4.3,0.23,283,1405,20,10,30,-0.22,10,10.7,0.03,61,132,101,169,2.52,,,,,,,,,,,,,,,,5.8,-0.80,No,-0.47,13,11,16,11,9,14,1,0,2,1,1,2,0.58,80,77,83,0.10,,,,,,,,,,,,,,,,3115,37,30,44,0.65
26121,Michigan,Muskegon,,2745,8872,8361,9384,0.62,,,,,,,,,14672,13022,16322,,9068,7004,11132,,7626,7093,8159,,15,14,17,0.48,3.5,3.3,3.8,0.43,5.5,5.2,5.8,0.53,,10,9,10,1.92,9,5,13,8,3,13,16,15,18,7,5,9,8,7,9,22,19,25,0.19,39,37,40,0.61,6.2,1.88,23,21,25,0.74,88,-1.09,21,20,22,-0.49,25,104,24,19,29,-0.62,1340,772.0,3.27,29,27,31,1.33,65,40,100,,,,58,53,64,32,26,38,21,19,23,8085,6,5,7,-1.13,99,57,1756:1,0.05,121,69,1459:1,-0.36,427,242,413:1,-0.20,2576,-0.04,4852,,4399,565,2348,37,0.73,38,30,31,31,38,51,-0.80,39,44,39,42,52,110684,120704,92,91,93,-0.09,25374,44228,57,54,60,0.46,5641,75304,7.5,0.95,19,14,24,0.07,27,7,41,19,11,104725,25809,4.1,-0.22,11925,40467,29,27,32,1.53,176,10.1,0.22,803,92,86,99,0.42,164,87,280,,,,118,100,137,86,62,115,87,79,94,7.9,0.69,No,-0.47,12,11,13,10,9,11,2,2,2,1,1,1,-0.08,84,83,85,1.22,,,,,,,81,76,86,78,73,83,85,83,86,75378,24,23,26,-0.63
26123,Michigan,Newaygo,,705,8028,7054,9003,0.09,,,,,,,,,,,,,,,,,,,,,16,14,18,0.64,3.7,3.3,4.0,0.82,5.4,5.1,5.7,0.17,,7,6,8,-0.21,,,,,,,,,,10,5,14,7,6,8,23,19,26,0.60,39,37,41,0.74,7.7,-0.53,23,21,26,0.95,79,-0.59,22,21,23,0.24,15,53,28,21,36,-0.34,90,183.7,-0.51,25,22,28,0.66,,,,,,,,,,21,13,32,24,21,27,2994,8,7,9,0.08,20,41,2467:1,0.55,29,58,1734:1,0.01,108,215,466:1,0.01,1995,-0.84,,,,3885,1919,40,0.08,,,,29,41,34,0.95,,,37,28,34,31214,34774,90,89,91,0.61,5965,11106,54,49,58,0.87,1284,22817,5.6,-0.49,20,14,25,0.19,15,,8,40,20,98341,24006,4.1,-0.13,2527,11197,23,17,28,0.23,60,12.2,-0.45,242,99,87,112,0.80,,,,,,,,,,,,,,,,7.4,0.33,No,-0.47,14,12,15,11,9,12,3,2,4,1,1,1,0.79,79,77,81,-0.03,,,,,,,,,,64,52,76,79,78,81,20832,43,40,46,1.24
26125,Michigan,Oakland,,13592,5727,5573,5882,-1.35,,,,,2262,1906,2619,,9605,9082,10129,,4982,4346,5619,,5411,5232,5590,,11,10,13,-1.81,2.5,2.2,2.7,-3.04,4.7,4.4,5.0,-2.59,,8,8,9,0.75,7,3,11,9,8,10,14,14,15,7,7,8,7,7,7,14,11,16,-2.86,32,31,33,-2.20,8.2,-1.34,18,16,20,-1.54,96,-1.56,20,19,21,-1.58,81,333,24,22,27,-0.60,3934,312.8,0.32,8,8,8,-1.73,,,,1,1,2,19,18,21,20,18,22,5,5,5,49719,5,4,5,-1.83,1802,144,696:1,-2.59,1419,112,895:1,-1.82,5139,405,247:1,-1.49,3465,1.17,,1831,6302,3768,3102,38,0.51,38,27,35,32,39,56,-1.31,56,57,41,48,58,855290,903672,95,94,95,-1.16,269879,328884,82,81,83,-2.31,30873,660330,4.7,-1.23,9,7,10,-1.74,13,4,17,20,6,167067,36255,4.6,0.98,49352,265802,19,18,20,-0.52,1005,8.0,0.92,3589,57,55,59,-1.47,,,,16,13,20,63,57,68,40,33,48,62,60,64,7.8,0.62,Yes,2.12,13,12,13,11,11,12,1,1,1,1,1,1,0.10,79,78,79,-0.10,75,67,83,71,69,73,75,74,76,76,75,77,82,81,82,642908,42,41,43,1.14
26127,Michigan,Oceana,,369,7748,6424,9072,-0.09,,,,,,,,,,,,,7339,4750,10834,,7895,6355,9435,,16,14,18,0.91,3.6,3.3,4.0,0.69,5.5,5.2,5.8,0.64,,8,6,9,0.13,,,,,,,,,,6,3,8,8,7,10,22,19,25,0.22,38,36,39,0.14,7.6,-0.37,23,21,26,0.95,87,-1.02,20,20,21,-1.00,11,21,52,42,61,1.22,61,230.5,-0.21,30,25,35,1.44,,,,,,,,,,41,31,53,25,20,30,2173,11,9,12,1.92,13,48,2063:1,0.31,9,34,2979:1,0.83,10,37,2682:1,1.42,1480,-1.54,,,,729,1482,42,-0.35,,,,30,43,33,1.05,27,,,27,33,16421,18581,88,87,90,1.11,2859,5751,50,45,55,1.31,860,11581,7.4,0.90,21,14,28,0.38,,,54,21,15,99215,26575,3.7,-0.93,1115,5945,19,15,23,-0.48,25,9.3,0.48,114,86,70,102,0.08,,,,,,,,,,,,,,,,6.9,-0.02,No,-0.47,14,12,16,9,8,11,4,3,5,1,1,2,0.83,79,76,81,-0.13,,,,,,,,,,67,64,70,80,76,83,11141,30,26,33,-0.10
26129,Michigan,Ogemaw,,471,10166,8412,11919,1.43,,,,,,,,,,,,,,,,,,,,,17,15,19,1.23,3.8,3.5,4.1,1.24,5.7,5.3,6.0,1.23,,7,6,9,-0.02,,,,,,,,,,,,,,,,24,21,28,1.21,38,37,40,0.49,7.4,-0.05,23,21,26,0.91,49,1.04,21,20,22,-0.35,8,22,36,25,47,0.18,32,152.4,-0.71,22,18,28,0.35,,,,,,,,,,,,,,,,1327,9,7,10,0.80,4,19,5231:1,1.20,9,43,2303:1,0.49,14,68,1480:1,1.18,2563,-0.06,,,,,,44,-0.78,,,,36,44,34,0.95,,,,21,34,13589,15604,87,85,89,1.57,2334,4009,58,53,64,0.36,618,7874,7.8,1.23,27,19,35,1.36,,,,3,24,83845,20866,4.0,-0.30,842,3838,22,16,27,0.12,16,7.6,1.04,123,117,97,138,1.76,,,,,,,,,,,,,,,,6.4,-0.38,No,-0.47,14,12,16,12,10,13,2,1,3,1,0,1,0.86,83,80,86,0.93,,,,,,,,,,,,,,,,7261,30,27,34,-0.02
26131,Michigan,Ontonagon,x,,,,,0.00,,,,,,,,,,,,,,,,,,,,,16,14,18,0.54,3.6,3.3,3.9,0.66,5.5,5.2,5.9,0.74,x,8,4,12,0.70,,,,,,,,,,,,,,,,23,20,26,0.79,38,36,40,0.49,6.3,1.72,22,20,25,0.43,61,0.38,21,20,23,0.09,2,5,40,15,62,0.42,4,69.9,-1.24,13,7,23,-0.97,,,,,,,,,,,,,,,,321,9,8,11,1.09,2,35,2828:1,0.71,3,51,1956:1,0.23,2,34,2934:1,1.45,1671,-1.28,,,,,,44,-0.78,,,,,,29,1.46,,,,,,4544,4872,93,92,95,-0.66,431,795,54,45,64,0.81,153,2012,7.6,1.04,21,13,28,0.31,,,,,,81818,21929,3.7,-0.93,104,693,15,8,22,-1.19,9,15.9,-1.69,31,107,73,152,1.20,,,,,,,,,,,,,,,,5.0,-1.37,No,-0.47,11,9,13,9,6,11,1,0,3,1,0,2,-0.68,81,78,85,0.55,,,,,,,,,,,,,,,,1990,35,29,41,0.43
26133,Michigan,Osceola,,347,7633,6276,8989,-0.16,,,,,,,,,,,,,,,,,,,,,16,14,18,0.75,3.7,3.3,4.0,0.85,5.5,5.1,5.8,0.37,,7,6,8,-0.19,,,,,,,,,,,,,,,,24,21,27,1.06,38,36,40,0.27,7.8,-0.69,23,20,25,0.74,38,1.64,21,20,22,-0.49,13,30,43,34,52,0.63,52,221.7,-0.26,23,19,27,0.47,,,,,,,,,,,,,,,,1617,9,8,10,0.92,7,30,3352:1,0.88,3,13,7702:1,1.53,36,156,642:1,0.48,2291,-0.43,,,,,,44,-0.78,,,,,,36,0.74,,,,45,36,14335,16145,89,87,90,0.96,2622,4977,53,48,57,0.98,624,11277,5.5,-0.56,19,12,26,0.05,,,,31,18,93365,23543,4.0,-0.42,875,4928,18,14,21,-0.67,37,15.8,-1.65,95,81,66,100,-0.17,,,,,,,,,,,,,,,,6.5,-0.31,No,-0.47,13,11,14,10,9,12,2,2,3,1,0,1,0.16,81,79,84,0.52,,,,,,,,,,,,,,,,8822,34,30,37,0.33
26135,Michigan,Oscoda,,186,9368,6725,12012,0.93,,,,,,,,,,,,,,,,,,,,,17,15,19,1.18,3.8,3.4,4.2,1.24,5.6,5.2,6.0,1.05,,9,7,11,1.36,,,,,,,,,,,,,,,,24,21,28,1.25,38,36,40,0.44,7.5,-0.21,24,21,26,1.13,75,-0.37,21,20,23,0.01,6,13,46,32,59,0.81,8,97.1,-1.06,28,20,39,1.21,,,,,,,,,,,,,,,,606,10,9,12,1.75,2,24,4184:1,1.06,2,24,4156:1,1.15,6,72,1385:1,1.14,2915,0.42,,,,,,29,2.46,,,,,,26,1.77,,,,,,5039,6136,82,79,85,3.00,723,1431,51,42,59,1.22,239,2630,9.1,2.19,27,17,36,1.41,,,,27,12,78292,23917,3.3,-1.93,260,1603,16,8,24,-0.96,8,9.6,0.41,56,135,102,176,2.71,,,,,,,,,,,,,,,,6.0,-0.66,No,-0.47,14,11,18,11,9,14,2,1,4,2,1,4,1.06,72,67,78,-1.76,,,,,,,,,,,,,,,,2708,30,22,38,-0.08
26137,Michigan,Otsego,,390,8680,7222,10139,0.50,,,,,,,,,,,,,,,,,,,,,14,12,16,-0.32,3.4,3.0,3.7,-0.15,5.3,4.9,5.7,-0.25,,7,6,8,-0.44,,,,,,,,,,,,,,,,21,17,24,-0.23,36,34,38,-0.58,6.8,0.92,20,18,23,-0.49,67,0.04,22,20,23,0.24,6,20,30,18,42,-0.23,25,101.3,-1.03,22,18,26,0.28,,,,,,,,,,,,,,,,1502,8,7,9,0.19,20,81,1238:1,-0.67,18,71,1405:1,-0.45,70,277,361:1,-0.48,2835,0.31,,,,,,34,1.38,,,,,,40,0.33,,,,,,16748,17894,94,92,95,-0.78,3700,5508,67,58,76,-0.64,772,11351,6.8,0.42,15,10,20,-0.64,,,,36,12,105984,26444,4.0,-0.33,1600,5284,30,22,38,1.68,27,10.9,-0.04,88,71,57,88,-0.70,,,,,,,,,,,,,,,,5.8,-0.80,No,-0.47,11,9,14,9,7,11,2,1,3,1,0,2,-0.46,78,75,81,-0.38,,,,,,,,,,,,,,,,11044,23,19,26,-0.82
26139,Michigan,Ottawa,,2285,4511,4228,4793,-2.11,,,,,3423,2356,4808,,9130,6634,12257,,5196,4287,6104,,4307,4002,4612,,11,10,13,-1.65,2.9,2.6,3.2,-1.61,5.1,4.8,5.4,-1.12,,6,6,6,-1.36,,,,9,7,11,11,8,14,6,5,7,6,5,6,17,14,20,-1.68,32,31,34,-2.07,8.2,-1.34,17,15,19,-1.76,89,-1.15,20,20,21,-0.98,31,105,30,25,35,-0.26,787,269.7,0.05,9,8,9,-1.66,,,,8,5,11,18,14,24,28,25,31,5,5,6,12519,5,4,6,-1.59,192,65,1535:1,-0.20,183,61,1635:1,-0.11,665,222,450:1,-0.05,1918,-0.94,,2920,,940,1925,44,-0.78,,30,29,31,46,56,-1.31,39,48,39,39,57,173052,184547,94,93,94,-0.84,52344,70720,74,71,77,-1.41,6384,156739,4.1,-1.69,7,4,9,-2.10,,7,16,13,5,138524,37029,3.7,-0.91,10400,70219,15,13,17,-1.22,335,11.4,-0.19,784,54,50,58,-1.63,,,,25,12,45,44,23,75,36,27,47,57,53,61,8.3,0.97,No,-0.47,11,10,12,9,8,10,2,1,2,1,1,1,-0.57,81,80,82,0.46,,,,68,61,75,73,66,80,72,67,76,80,79,82,149647,25,23,26,-0.61
26141,Michigan,Presque Isle,,202,8599,6331,10866,0.45,,,,,,,,,,,,,,,,,,,,,15,13,17,0.06,3.5,3.1,3.8,0.18,5.5,5.2,5.9,0.65,,6,4,8,-1.15,,,,,,,,,,,,,,,,22,18,25,0.22,39,37,41,0.57,7.1,0.43,21,19,24,0.03,41,1.47,22,21,23,0.59,5,9,56,39,68,1.42,29,230.3,-0.21,16,11,22,-0.64,,,,,,,,,,,,,,,,689,8,7,10,0.42,1,8,12665:1,1.55,3,23,4364:1,1.19,5,38,2619:1,1.41,2270,-0.46,,,,,,45,-1.00,,,,,,41,0.23,,,,,,9251,10189,91,89,92,0.24,1325,2129,62,55,70,-0.09,379,4796,7.9,1.27,23,16,30,0.75,,,,12,22,93008,23815,3.9,-0.55,381,2046,19,13,24,-0.51,22,17.4,-2.18,47,74,54,98,-0.57,,,,,,,,,,,,,,,,5.8,-0.80,No,-0.47,10,8,11,8,6,10,1,1,2,1,0,1,-1.34,80,77,84,0.19,,,,,,,,,,,,,,,,4482,35,31,40,0.48
26143,Michigan,Roscommon,,553,10666,8719,12613,1.74,,,,,,,,,,,,,,,,,,,,,15,13,18,0.48,3.6,3.3,4.0,0.64,5.6,5.2,5.9,0.88,,7,5,8,-0.46,,,,,,,,,,,,,,,,23,20,26,0.72,38,36,40,0.23,6.6,1.24,22,20,25,0.47,68,-0.01,22,20,23,0.19,9,20,45,34,55,0.74,45,187.4,-0.48,27,21,33,0.94,,,,,,,,,,,,,,,,1086,7,6,8,-0.41,11,46,2181:1,0.39,10,42,2363:1,0.53,22,93,1074:1,0.98,2831,0.30,,,,,,38,0.51,,,,,,38,0.54,,,,36,38,17051,18772,91,89,92,0.22,2393,3890,62,53,70,-0.01,709,7388,9.6,2.58,32,23,41,2.27,,,,27,31,85570,22455,3.8,-0.76,756,3522,21,16,27,0.03,28,11.7,-0.29,114,95,78,113,0.58,,,,,,,,,,,,,,,,6.2,-0.52,No,-0.47,13,10,15,10,9,12,2,1,3,1,0,1,0.15,72,68,76,-1.89,,,,,,,,,,,,,,,,7674,33,29,38,0.26
26145,Michigan,Saginaw,,3089,9342,8813,9871,0.91,,,,,,,,,16253,14692,17815,,9446,7764,11128,,7236,6694,7778,,16,14,18,0.75,3.5,3.2,3.8,0.18,5.7,5.4,6.0,1.47,,10,9,10,1.95,12,6,19,9,5,12,14,13,15,8,7,10,8,7,8,22,19,24,0.19,43,41,44,2.40,6.6,1.24,24,21,26,1.09,68,0.02,22,21,23,0.41,24,94,26,20,31,-0.52,1240,650.8,2.49,23,22,25,0.48,39,19,70,,,,48,44,52,35,30,40,12,11,14,8970,6,5,7,-0.92,162,85,1172:1,-0.81,143,75,1326:1,-0.59,603,318,314:1,-0.80,3363,1.03,,,6830,2489,2832,43,-0.57,,42,41,36,44,48,-0.49,36,50,31,39,51,119047,131476,91,90,91,0.32,29003,44710,65,62,68,-0.38,5755,81321,7.1,0.63,30,26,35,1.99,,2,50,41,13,105235,22718,4.6,1.03,12936,40965,32,28,35,1.93,216,11.4,-0.19,863,90,84,96,0.31,,,,,,,117,101,132,75,58,97,85,78,92,7.9,0.69,Yes,2.12,13,12,14,12,11,13,1,1,1,1,0,1,0.50,81,79,83,0.43,,,,78,65,90,77,72,82,75,69,81,85,83,86,80075,24,22,25,-0.69
26147,Michigan,St. Clair,,2643,8948,8377,9519,0.66,,,,,,,,,15954,12083,20670,,,,,,8786,8198,9375,,14,12,16,-0.37,3.3,3.0,3.6,-0.37,5.5,5.1,5.8,0.37,,7,7,8,-0.07,,,,14,7,22,12,9,15,6,4,8,7,7,8,21,18,24,0.07,37,36,39,0.06,6.6,1.24,20,18,22,-0.49,75,-0.36,22,21,23,0.97,21,98,21,16,27,-0.79,368,231.3,-0.20,19,17,20,-0.22,,,,,,,35,26,46,26,20,34,17,16,19,8497,7,6,8,-0.59,73,46,2182:1,0.39,99,62,1617:1,-0.13,420,262,381:1,-0.36,4195,2.16,,,6905,5928,4139,30,2.24,,33,33,28,30,48,-0.49,36,48,32,45,49,104900,114217,92,91,93,-0.14,23106,35906,64,61,68,-0.32,4393,74255,5.9,-0.27,17,13,21,-0.34,,11,37,27,15,119422,28856,4.1,-0.04,7774,33427,23,21,26,0.36,138,8.7,0.70,787,99,92,106,0.76,,,,,,,143,100,199,58,33,95,100,92,107,7.6,0.48,Yes,2.12,12,11,13,10,10,11,1,1,1,1,1,1,-0.27,83,82,85,0.99,,,,,,,71,59,84,75,64,86,82,80,83,71478,42,40,44,1.19
26149,Michigan,St. Joseph,,957,9197,8296,10097,0.82,,,,,,,,,,,,,,,,,,,,,16,14,18,0.80,3.6,3.3,4.0,0.71,5.3,5.0,5.6,-0.27,,7,6,8,-0.39,,,,,,,14,9,19,6,4,8,7,6,8,23,19,26,0.60,37,35,38,-0.28,7.4,-0.05,23,20,25,0.69,65,0.17,21,20,22,-0.37,18,68,26,20,33,-0.46,171,280.5,0.11,29,26,32,1.29,,,,,,,44,29,65,37,28,47,27,24,30,5035,10,9,12,1.79,16,26,3803:1,0.99,21,35,2893:1,0.79,115,189,528:1,0.22,2079,-0.72,,,1141,,2050,34,1.38,,,28,8,35,51,-0.80,,55,30,32,52,35619,41023,87,85,88,1.67,7159,14379,50,46,53,1.31,1422,27776,5.1,-0.88,17,12,23,-0.24,,,13,26,14,101452,26610,3.8,-0.75,2523,14965,17,14,20,-0.84,77,12.7,-0.62,285,94,83,104,0.48,,,,,,,107,54,192,,,,99,87,111,8.6,1.19,Yes,2.12,12,11,14,10,8,11,2,2,3,1,0,1,0.05,74,72,76,-1.37,,,,,,,69,59,79,64,57,71,77,75,79,27475,29,27,32,-0.14
26151,Michigan,Sanilac,,657,7313,6331,8294,-0.36,,,,,,,,,,,,,,,,,,,,,16,14,18,0.64,3.6,3.3,4.0,0.65,5.4,5.1,5.7,0.14,,7,6,8,-0.67,,,,,,,,,,,,,,,,23,20,26,0.72,38,36,40,0.27,7.3,0.11,23,20,26,0.82,42,1.44,22,20,23,0.16,5,22,23,12,35,-0.70,73,177.3,-0.55,20,17,23,-0.04,,,,,,,,,,,,,,,,2536,8,7,10,0.38,12,29,3396:1,0.89,14,35,2893:1,0.80,72,178,563:1,0.31,3168,0.76,,,,,,34,1.38,,,,31,34,45,-0.18,,,,41,45,26153,29071,90,89,91,0.54,4647,8525,55,51,58,0.78,1155,18923,6.1,-0.12,22,16,28,0.50,,,,16,24,98035,23850,4.1,-0.10,1727,8770,20,16,23,-0.31,40,9.8,0.32,146,71,59,82,-0.73,,,,,,,,,,,,,,,,7.9,0.69,No,-0.47,12,10,13,9,8,11,2,1,2,2,1,2,-0.37,77,76,79,-0.56,,,,,,,,,,60,48,72,75,72,78,17143,40,37,43,0.93
26153,Michigan,Schoolcraft,,145,8090,5381,10799,0.13,,,,,,,,,,,,,,,,,,,,,16,14,18,0.91,3.7,3.4,4.0,0.93,5.6,5.3,6.0,1.07,,9,6,11,1.06,,,,,,,,,,,,,,,,24,21,27,1.06,39,37,41,0.70,5.8,2.52,23,20,25,0.65,72,-0.21,21,20,22,-0.14,4,8,50,32,65,1.06,10,123.5,-0.89,29,21,39,1.28,,,,,,,,,,,,,,,,606,10,9,12,1.83,6,74,1351:1,-0.47,6,75,1338:1,-0.57,23,286,349:1,-0.55,2352,-0.35,,,,,,48,-1.65,41,,,,49,11,3.00,10,,,,11,5556,6161,90,87,93,0.46,815,1437,57,48,65,0.53,251,3128,8.0,1.36,24,17,31,0.89,42,,,5,22,97934,20164,4.9,1.52,231,1391,17,10,23,-0.89,5,6.2,1.53,32,79,54,112,-0.28,,,,,,,,,,,,,,,,4.2,-1.94,No,-0.47,11,8,15,11,7,14,1,0,2,1,0,2,-0.45,80,78,82,0.15,,,,,,,,,,,,,,,,3134,24,19,28,-0.71
26155,Michigan,Shiawassee,,996,7214,6472,7957,-0.42,,,,,,,,,,,,,,,,,,,,,14,12,15,-0.42,3.3,3.0,3.6,-0.45,5.2,4.9,5.6,-0.56,,8,7,8,0.09,,,,,,,,,,,,,,,,21,17,24,-0.23,37,35,39,-0.11,7.2,0.27,22,19,24,0.30,75,-0.38,22,21,23,0.76,16,45,36,28,43,0.13,169,248.1,-0.09,19,17,21,-0.14,,,,,,,,,,,,,,,,2922,5,4,6,-1.43,26,38,2605:1,0.62,29,43,2341:1,0.52,131,193,518:1,0.19,2178,-0.59,,,,780,2167,36,0.95,,,,25,37,52,-0.90,,69,,62,52,44419,48259,92,91,93,-0.22,10227,15926,64,60,68,-0.31,1796,31704,5.7,-0.46,14,10,19,-0.76,,,5,21,14,106778,27419,3.9,-0.57,2764,14401,19,16,22,-0.40,70,10.3,0.15,264,77,68,87,-0.39,,,,,,,,,,,,,,,,8.1,0.83,No,-0.47,10,9,11,8,7,9,1,1,2,1,0,1,-1.19,82,80,84,0.75,,,,,,,,,,81,67,96,78,76,80,31442,44,41,48,1.38
26157,Michigan,Tuscola,,937,8804,7819,9789,0.57,,,,,,,,,,,,,,,,,,,,,15,13,17,0.38,3.5,3.2,3.9,0.38,5.7,5.3,6.0,1.21,,7,6,8,-0.23,,,,,,,,,,8,3,12,7,6,8,23,20,26,0.87,35,34,37,-0.83,7.2,0.27,22,20,25,0.43,49,1.04,21,20,22,-0.33,18,47,38,31,46,0.31,110,210.5,-0.33,21,19,24,0.21,,,,,,,,,,20,10,35,22,19,25,2733,7,6,8,-0.55,17,33,3076:1,0.80,20,38,2646:1,0.69,155,293,341:1,-0.61,3144,0.73,,,,5638,3079,39,0.30,,,,18,39,38,0.54,,,49,29,38,34825,38474,91,90,91,0.34,6595,11928,55,51,59,0.69,1422,22658,6.3,0.01,19,14,24,0.05,4,,63,27,14,99003,25141,3.9,-0.48,1844,10586,17,14,21,-0.73,63,12.0,-0.42,235,89,78,101,0.25,,,,,,,,,,,,,,,,7.7,0.55,No,-0.47,12,10,13,10,9,11,2,1,3,1,0,1,-0.26,83,82,84,0.91,,,,,,,,,,83,66,99,82,78,85,22212,41,38,44,1.03
26159,Michigan,Van Buren,,1108,7351,6653,8048,-0.33,,,,,,,,,11470,7739,16374,,6276,4643,8298,,7184,6414,7953,,16,14,18,0.86,3.7,3.4,4.1,0.94,5.2,4.9,5.5,-0.58,,7,6,7,-0.57,,,,,,,9,6,13,7,5,8,7,6,7,22,19,25,0.34,40,38,41,1.12,8.0,-1.01,22,20,25,0.43,57,0.59,21,20,21,-0.90,27,78,35,29,40,0.07,235,310.5,0.31,25,22,27,0.71,,,,,,,28,19,41,35,28,42,23,20,26,5206,9,7,10,0.67,37,49,2040:1,0.29,28,37,2702:1,0.71,101,133,749:1,0.66,2673,0.09,1934,,3476,,2632,37,0.73,29,57,34,24,38,43,0.03,62,40,30,21,44,45950,52039,88,87,89,1.14,10084,17420,58,54,62,0.40,2049,33843,6.1,-0.16,17,12,23,-0.22,,,74,23,15,110486,26444,4.2,0.04,4363,17648,25,20,29,0.64,79,10.5,0.11,338,90,80,99,0.27,,,,,,,78,41,133,36,21,59,98,87,109,8.3,0.97,No,-0.47,12,11,14,10,8,11,3,2,3,1,0,2,0.09,79,76,81,-0.19,,,,,,,78,68,87,67,61,72,78,76,80,33754,33,30,35,0.20
26161,Michigan,Washtenaw,,3152,5265,4988,5543,-1.64,,,,,2254,1644,3016,,9892,8832,10952,,3437,2551,4532,,4903,4590,5216,,11,10,12,-1.92,2.8,2.5,3.1,-2.01,5.2,4.9,5.5,-0.59,,8,7,8,0.14,,,,7,6,8,13,12,14,6,5,8,6,6,7,14,11,16,-2.78,31,30,32,-2.75,8.1,-1.17,17,15,19,-1.98,88,-1.09,20,19,20,-1.72,44,144,31,26,35,-0.20,1560,424.4,1.04,5,5,6,-2.11,,,,,,,18,15,20,10,7,12,3,3,4,14944,5,4,6,-1.67,644,176,569:1,-3.56,733,198,504:1,-4.77,2408,652,153:1,-3.45,2696,0.12,,1401,5859,2478,2402,33,1.59,,29,28,22,34,56,-1.31,38,56,42,50,58,224688,234731,96,95,96,-1.54,82427,96361,86,83,88,-2.70,8161,189511,4.3,-1.51,11,8,14,-1.29,,8,29,16,6,159734,31206,5.1,2.09,14430,69248,21,19,23,-0.09,378,10.3,0.16,1103,60,56,64,-1.32,,,,19,13,26,77,66,89,35,24,49,64,60,69,8.7,1.26,No,-0.47,16,15,17,15,14,16,1,1,2,1,0,1,1.97,66,65,67,-3.36,77,58,96,53,49,57,73,68,78,63,58,68,73,72,74,186651,33,31,34,0.20
26163,Michigan,Wayne,,32079,11305,11124,11487,2.14,7873,5892,9855,,2895,2448,3342,,16532,16183,16881,,7746,7158,8334,,8167,7949,8385,,18,16,20,1.71,3.7,3.5,4.0,0.98,5.6,5.4,5.9,1.05,,11,11,11,2.93,8,5,11,10,9,11,15,15,15,7,7,8,7,7,8,22,19,24,0.19,38,37,39,0.49,6.8,0.92,25,23,27,1.57,96,-1.51,18,18,19,-3.56,269,945,28,27,30,-0.33,13835,790.9,3.39,25,24,25,0.65,11,7,16,3,2,4,39,38,40,26,24,28,12,12,13,92009,7,6,7,-0.71,1331,76,1308:1,-0.54,1314,74,1351:1,-0.54,5880,331,302:1,-0.91,5043,3.32,5729,3275,7305,3762,3914,32,1.81,25,23,28,25,35,47,-0.38,30,50,34,42,54,1060181,1210140,88,87,88,1.39,290282,465993,62,61,63,-0.09,63563,797703,8.0,1.32,29,26,31,1.68,31,22,42,31,21,111198,20195,5.5,2.94,160985,425870,38,37,39,3.09,1241,7.1,1.21,9075,104,102,106,1.03,102,75,137,17,13,22,131,128,135,70,63,78,91,88,93,12.7,4.11,No,-0.47,19,18,19,17,16,17,2,2,2,1,1,1,3.11,76,76,77,-0.79,74,67,80,72,70,74,72,71,73,75,73,77,82,82,83,740725,36,35,36,0.51
26165,Michigan,Wexford,,520,9250,7960,10540,0.85,,,,,,,,,,,,,,,,,,,,,15,13,17,0.22,3.5,3.1,3.8,0.18,5.6,5.2,5.9,0.77,,7,6,8,-0.27,,,,,,,,,,,,,,,,22,18,25,0.26,36,34,38,-0.37,7.0,0.59,22,19,25,0.47,74,-0.31,21,20,22,-0.10,4,28,14,6,25,-1.25,75,223.0,-0.25,26,23,30,0.93,,,,,,,,,,44,23,75,25,21,29,1958,7,6,9,-0.15,27,80,1250:1,-0.65,25,74,1356:1,-0.53,87,257,390:1,-0.32,2330,-0.38,,,,,,40,0.08,,,,,,48,-0.49,,,23,38,48,21075,23293,90,89,92,0.35,4508,7740,58,53,63,0.36,867,14561,6.0,-0.24,22,16,27,0.50,14,,,40,17,98387,24979,3.9,-0.48,1434,7836,18,14,23,-0.57,38,11.3,-0.16,143,85,71,99,0.05,,,,,,,,,,,,,,,,6.2,-0.52,No,-0.47,12,10,14,9,8,11,2,2,3,1,0,1,-0.23,78,74,81,-0.45,,,,,,,,,,,,,,,,13923,29,26,32,-0.20
